CHROM,POS,REF,ALT,IMPACT,EFFECT,GENE,ANN
chr13,18176171,C,T,HIGH,splice_acceptor_variant&intron_variant,RP11-341D18.2,T|splice_acceptor_variant&intron_variant|HIGH|RP11-341D18.2|ENSG00000279924|transcript|ENST00000623078.1|unprocessed_pseudogene|1/3|n.912-1G>A||||||
chr15,20251534,C,T,HIGH,splice_acceptor_variant&intron_variant,RP11-492D6.3,T|splice_acceptor_variant&intron_variant|HIGH|RP11-492D6.3|ENSG00000258628|transcript|ENST00000557586.1|unprocessed_pseudogene|6/12|n.1403-1G>A||||||
chr15,20534501,A,G,MODERATE,missense_variant,GOLGA6L6,G|missense_variant|MODERATE|GOLGA6L6|ENSG00000277322|transcript|ENST00000619213.1|protein_coding|8/9|c.1933T>C|p.Trp645Arg|2024/4013|1933/2175|645/724||
chr2,95945173,T,G,MODERATE,missense_variant&splice_region_variant,ANKRD36C,G|missense_variant&splice_region_variant|MODERATE|ANKRD36C|ENSG00000174501|transcript|ENST00000456556.5|protein_coding|18/67|c.1364A>C|p.Asn455Thr|1449/5428|1364/5337|455/1778||
chr2,95951363,G,A,HIGH,stop_gained,ANKRD36C,A|stop_gained|HIGH|ANKRD36C|ENSG00000174501|transcript|ENST00000456556.5|protein_coding|15/67|c.1249C>T|p.Arg417*|1334/5428|1249/5337|417/1778||
chr2,95951365,G,A,MODERATE,missense_variant,ANKRD36C,A|missense_variant|MODERATE|ANKRD36C|ENSG00000174501|transcript|ENST00000456556.5|protein_coding|15/67|c.1247C>T|p.Pro416Leu|1332/5428|1247/5337|416/1778||
chr2,95951377,T,C,MODERATE,missense_variant,ANKRD36C,C|missense_variant|MODERATE|ANKRD36C|ENSG00000174501|transcript|ENST00000456556.5|protein_coding|15/67|c.1235A>G|p.Lys412Arg|1320/5428|1235/5337|412/1778||
chr2,95951384,T,C,MODERATE,missense_variant,ANKRD36C,C|missense_variant|MODERATE|ANKRD36C|ENSG00000174501|transcript|ENST00000456556.5|protein_coding|15/67|c.1228A>G|p.Lys410Glu|1313/5428|1228/5337|410/1778||
chr2,95951407,A,G,MODERATE,missense_variant&splice_region_variant,ANKRD36C,G|missense_variant&splice_region_variant|MODERATE|ANKRD36C|ENSG00000174501|transcript|ENST00000456556.5|protein_coding|15/67|c.1205T>C|p.Ile402Thr|1290/5428|1205/5337|402/1778||
chr2,210591913,A,G,MODERATE,missense_variant,CPS1,G|missense_variant|MODERATE|CPS1|ENSG00000021826|transcript|ENST00000430249.6|protein_coding|11/39|c.1048A>G|p.Thr350Ala|1103/5698|1048/4521|350/1506||
chr22,11068057,A,T,MODERATE,missense_variant,BAGE5,T|missense_variant|MODERATE|BAGE5|ENSG00000279973|transcript|ENST00000624155.1|protein_coding|2/2|c.88A>T|p.Arg30Trp|88/120|88/120|30/39||
chr3,75737530,G,A,MODERATE,missense_variant,ZNF717,A|missense_variant|MODERATE|ZNF717|ENSG00000227124|transcript|ENST00000478296.5|protein_coding|4/4|c.1943C>T|p.Pro648Leu|2220/3875|1943/2595|648/864||
chr3,75737533,G,T,MODERATE,missense_variant,ZNF717,T|missense_variant|MODERATE|ZNF717|ENSG00000227124|transcript|ENST00000478296.5|protein_coding|4/4|c.1940C>A|p.Thr647Lys|2217/3875|1940/2595|647/864||
chr3,75738551,C,G,MODERATE,missense_variant,ZNF717,G|missense_variant|MODERATE|ZNF717|ENSG00000227124|transcript|ENST00000478296.5|protein_coding|4/4|c.922G>C|p.Glu308Gln|1199/3875|922/2595|308/864||
chr3,75738575,G,A,MODERATE,missense_variant,ZNF717,A|missense_variant|MODERATE|ZNF717|ENSG00000227124|transcript|ENST00000478296.5|protein_coding|4/4|c.898C>T|p.Arg300Cys|1175/3875|898/2595|300/864||
chr7,100958000,T,C,MODERATE,missense_variant,MUC3A,C|missense_variant|MODERATE|MUC3A|ENSG00000169894|transcript|ENST00000379458.8|protein_coding|2/12|c.6221T>C|p.Leu2074Pro|6291/11226|6221/9972|2074/3323||
chr7,100958051,T,C,MODERATE,missense_variant,MUC3A,C|missense_variant|MODERATE|MUC3A|ENSG00000169894|transcript|ENST00000379458.8|protein_coding|2/12|c.6272T>C|p.Leu2091Pro|6342/11226|6272/9972|2091/3323||
chr7,100958135,T,C,MODERATE,missense_variant,MUC3A,C|missense_variant|MODERATE|MUC3A|ENSG00000169894|transcript|ENST00000379458.8|protein_coding|2/12|c.6356T>C|p.Met2119Thr|6426/11226|6356/9972|2119/3323||
chr7,100958136,G,C,MODERATE,missense_variant,MUC3A,C|missense_variant|MODERATE|MUC3A|ENSG00000169894|transcript|ENST00000379458.8|protein_coding|2/12|c.6357G>C|p.Met2119Ile|6427/11226|6357/9972|2119/3323||
chr7,100958186,A,C,MODERATE,missense_variant,MUC3A,C|missense_variant|MODERATE|MUC3A|ENSG00000169894|transcript|ENST00000379458.8|protein_coding|2/12|c.6407A>C|p.Asn2136Thr|6477/11226|6407/9972|2136/3323||
chr7,100958188,G,C,MODERATE,missense_variant,MUC3A,C|missense_variant|MODERATE|MUC3A|ENSG00000169894|transcript|ENST00000379458.8|protein_coding|2/12|c.6409G>C|p.Ala2137Pro|6479/11226|6409/9972|2137/3323||
chr7,100958191,A,T,MODERATE,missense_variant,MUC3A,T|missense_variant|MODERATE|MUC3A|ENSG00000169894|transcript|ENST00000379458.8|protein_coding|2/12|c.6412A>T|p.Thr2138Ser|6482/11226|6412/9972|2138/3323||
chr7,100958207,A,G,MODERATE,missense_variant,MUC3A,G|missense_variant|MODERATE|MUC3A|ENSG00000169894|transcript|ENST00000379458.8|protein_coding|2/12|c.6428A>G|p.Asn2143Ser|6498/11226|6428/9972|2143/3323||
chr7,100958396,T,C,MODERATE,missense_variant,MUC3A,C|missense_variant|MODERATE|MUC3A|ENSG00000169894|transcript|ENST00000379458.8|protein_coding|2/12|c.6617T>C|p.Ile2206Thr|6687/11226|6617/9972|2206/3323||
chr7,100958447,G,C,MODERATE,missense_variant,MUC3A,C|missense_variant|MODERATE|MUC3A|ENSG00000169894|transcript|ENST00000379458.8|protein_coding|2/12|c.6668G>C|p.Ser2223Thr|6738/11226|6668/9972|2223/3323||
chr7,100958491,G,A,MODERATE,missense_variant,MUC3A,A|missense_variant|MODERATE|MUC3A|ENSG00000169894|transcript|ENST00000379458.8|protein_coding|2/12|c.6712G>A|p.Gly2238Ser|6782/11226|6712/9972|2238/3323||
chr7,100958584,G,A,MODERATE,missense_variant,MUC3A,A|missense_variant|MODERATE|MUC3A|ENSG00000169894|transcript|ENST00000379458.8|protein_coding|2/12|c.6805G>A|p.Asp2269Asn|6875/11226|6805/9972|2269/3323||
chr7,100958585,A,G,MODERATE,missense_variant,MUC3A,G|missense_variant|MODERATE|MUC3A|ENSG00000169894|transcript|ENST00000379458.8|protein_coding|2/12|c.6806A>G|p.Asp2269Gly|6876/11226|6806/9972|2269/3323||
chr7,100958618,G,C,MODERATE,missense_variant,MUC3A,C|missense_variant|MODERATE|MUC3A|ENSG00000169894|transcript|ENST00000379458.8|protein_coding|2/12|c.6839G>C|p.Ser2280Thr|6909/11226|6839/9972|2280/3323||
chr7,100958626,C,A,MODERATE,missense_variant,MUC3A,A|missense_variant|MODERATE|MUC3A|ENSG00000169894|transcript|ENST00000379458.8|protein_coding|2/12|c.6847C>A|p.Pro2283Thr|6917/11226|6847/9972|2283/3323||
chr7,100958648,C,T,MODERATE,missense_variant,MUC3A,T|missense_variant|MODERATE|MUC3A|ENSG00000169894|transcript|ENST00000379458.8|protein_coding|2/12|c.6869C>T|p.Ser2290Phe|6939/11226|6869/9972|2290/3323||
chr7,100958740,G,A,MODERATE,missense_variant,MUC3A,A|missense_variant|MODERATE|MUC3A|ENSG00000169894|transcript|ENST00000379458.8|protein_coding|2/12|c.6961G>A|p.Ala2321Thr|7031/11226|6961/9972|2321/3323||
chr7,100958744,A,C,MODERATE,missense_variant,MUC3A,C|missense_variant|MODERATE|MUC3A|ENSG00000169894|transcript|ENST00000379458.8|protein_coding|2/12|c.6965A>C|p.His2322Pro|7035/11226|6965/9972|2322/3323||
chr7,100958789,A,G,MODERATE,missense_variant,MUC3A,G|missense_variant|MODERATE|MUC3A|ENSG00000169894|transcript|ENST00000379458.8|protein_coding|2/12|c.7010A>G|p.Asn2337Ser|7080/11226|7010/9972|2337/3323||
chr7,100958795,G,C,MODERATE,missense_variant,MUC3A,C|missense_variant|MODERATE|MUC3A|ENSG00000169894|transcript|ENST00000379458.8|protein_coding|2/12|c.7016G>C|p.Arg2339Pro|7086/11226|7016/9972|2339/3323||
chr7,100958831,A,C,MODERATE,missense_variant,MUC3A,C|missense_variant|MODERATE|MUC3A|ENSG00000169894|transcript|ENST00000379458.8|protein_coding|2/12|c.7052A>C|p.Asn2351Thr|7122/11226|7052/9972|2351/3323||
chr7,100958845,A,C,MODERATE,missense_variant,MUC3A,C|missense_variant|MODERATE|MUC3A|ENSG00000169894|transcript|ENST00000379458.8|protein_coding|2/12|c.7066A>C|p.Thr2356Pro|7136/11226|7066/9972|2356/3323||
chr7,100958906,G,C,MODERATE,missense_variant,MUC3A,C|missense_variant|MODERATE|MUC3A|ENSG00000169894|transcript|ENST00000379458.8|protein_coding|2/12|c.7127G>C|p.Ser2376Thr|7197/11226|7127/9972|2376/3323||
chr9,41040359,C,T,HIGH,splice_donor_variant&intron_variant,PGM5P2,T|splice_donor_variant&intron_variant|HIGH|PGM5P2|ENSG00000277778|transcript|ENST00000613141.1|processed_transcript|5/8|n.1057+1G>A||||||
chrX,141003560,C,G,MODERATE,missense_variant,SPANXB1,G|missense_variant|MODERATE|SPANXB1|ENSG00000227234|transcript|ENST00000449283.1|protein_coding|2/2|c.220C>G|p.Leu74Val|323/469|220/312|74/103||
chr1,212699732,C,T,MODERATE,missense_variant,BATF3,T|missense_variant|MODERATE|BATF3|ENSG00000123685|transcript|ENST00000243440.1|protein_coding|1/3|c.31G>A|p.Val11Ile|254/980|31/384|11/127||
chr2,45895,A,G,MODERATE,missense_variant,FAM110C,G|missense_variant|MODERATE|FAM110C|ENSG00000184731|transcript|ENST00000327669.4|protein_coding|1/2|c.491T>C|p.Ile164Thr|491/3760|491/966|164/321||
chr2,53875662,G,A,MODERATE,missense_variant,PSME4,A|missense_variant|MODERATE|PSME4|ENSG00000068878|transcript|ENST00000404125.5|protein_coding|42/47|c.4909C>T|p.His1637Tyr|4965/7099|4909/5532|1637/1843||
chr2,95938843,A,G,MODERATE,missense_variant,ANKRD36C,G|missense_variant|MODERATE|ANKRD36C|ENSG00000174501|transcript|ENST00000456556.5|protein_coding|22/67|c.1619T>C|p.Leu540Pro|1704/5428|1619/5337|540/1778||
chr2,95938884,A,T,MODERATE,missense_variant,ANKRD36C,T|missense_variant|MODERATE|ANKRD36C|ENSG00000174501|transcript|ENST00000456556.5|protein_coding|22/67|c.1578T>A|p.Ser526Arg|1663/5428|1578/5337|526/1778||
chr2,95950756,C,A,MODERATE,missense_variant,ANKRD36C,A|missense_variant|MODERATE|ANKRD36C|ENSG00000174501|transcript|ENST00000456556.5|protein_coding|16/67|c.1288G>T|p.Val430Phe|1373/5428|1288/5337|430/1778||
chr2,95950758,G,C,MODERATE,missense_variant,ANKRD36C,C|missense_variant|MODERATE|ANKRD36C|ENSG00000174501|transcript|ENST00000456556.5|protein_coding|16/67|c.1286C>G|p.Ala429Gly|1371/5428|1286/5337|429/1778||
chr2,95950759,C,A,MODERATE,missense_variant,ANKRD36C,A|missense_variant|MODERATE|ANKRD36C|ENSG00000174501|transcript|ENST00000456556.5|protein_coding|16/67|c.1285G>T|p.Ala429Ser|1370/5428|1285/5337|429/1778||
chr2,95951363,G,A,HIGH,stop_gained,ANKRD36C,A|stop_gained|HIGH|ANKRD36C|ENSG00000174501|transcript|ENST00000456556.5|protein_coding|15/67|c.1249C>T|p.Arg417*|1334/5428|1249/5337|417/1778||
chr2,95951365,G,A,MODERATE,missense_variant,ANKRD36C,A|missense_variant|MODERATE|ANKRD36C|ENSG00000174501|transcript|ENST00000456556.5|protein_coding|15/67|c.1247C>T|p.Pro416Leu|1332/5428|1247/5337|416/1778||
chr2,95951377,T,C,MODERATE,missense_variant,ANKRD36C,C|missense_variant|MODERATE|ANKRD36C|ENSG00000174501|transcript|ENST00000456556.5|protein_coding|15/67|c.1235A>G|p.Lys412Arg|1320/5428|1235/5337|412/1778||
chr2,95951384,T,C,MODERATE,missense_variant,ANKRD36C,C|missense_variant|MODERATE|ANKRD36C|ENSG00000174501|transcript|ENST00000456556.5|protein_coding|15/67|c.1228A>G|p.Lys410Glu|1313/5428|1228/5337|410/1778||
chr2,95951407,A,G,MODERATE,missense_variant&splice_region_variant,ANKRD36C,G|missense_variant&splice_region_variant|MODERATE|ANKRD36C|ENSG00000174501|transcript|ENST00000456556.5|protein_coding|15/67|c.1205T>C|p.Ile402Thr|1290/5428|1205/5337|402/1778||
chr2,97162102,G,A,MODERATE,missense_variant,ANKRD36,A|missense_variant|MODERATE|ANKRD36|ENSG00000135976|transcript|ENST00000420699.6|protein_coding|18/76|c.1393G>A|p.Gly465Arg|1637/6269|1393/5826|465/1941||
chr2,97167729,C,T,MODERATE,missense_variant,ANKRD36,T|missense_variant|MODERATE|ANKRD36|ENSG00000135976|transcript|ENST00000420699.6|protein_coding|22/76|c.1595C>T|p.Ala532Val|1839/6269|1595/5826|532/1941||
chr2,178556967,A,G,MODERATE,missense_variant,TTN,G|missense_variant|MODERATE|TTN|ENSG00000155657|transcript|ENST00000460472.6|protein_coding|158/191|c.60992T>C|p.Ile20331Thr|61217/82029|60992/80781|20331/26926||
chr2,219637645,A,C,MODERATE,missense_variant,SLC4A3,C|missense_variant|MODERATE|SLC4A3|ENSG00000114923|transcript|ENST00000273063.10|protein_coding|17/23|c.2681A>C|p.Asp894Ala|2895/4246|2681/3780|894/1259||
chr3,52291743,A,G,HIGH,splice_acceptor_variant&intron_variant,GLYCTK,G|splice_acceptor_variant&intron_variant|HIGH|GLYCTK|ENSG00000168237|transcript|ENST00000486393.5|nonsense_mediated_decay|3/4|n.530-2A>G||||||
chr3,75737252,A,T,MODERATE,missense_variant,ZNF717,T|missense_variant|MODERATE|ZNF717|ENSG00000227124|transcript|ENST00000478296.5|protein_coding|4/4|c.2221T>A|p.Cys741Ser|2498/3875|2221/2595|741/864||
chr3,75737264,C,T,MODERATE,missense_variant,ZNF717,T|missense_variant|MODERATE|ZNF717|ENSG00000227124|transcript|ENST00000478296.5|protein_coding|4/4|c.2209G>A|p.Glu737Lys|2486/3875|2209/2595|737/864||
chr3,75737302,C,T,MODERATE,missense_variant,ZNF717,T|missense_variant|MODERATE|ZNF717|ENSG00000227124|transcript|ENST00000478296.5|protein_coding|4/4|c.2171G>A|p.Ser724Asn|2448/3875|2171/2595|724/864||
chr3,75737348,C,T,MODERATE,missense_variant,ZNF717,T|missense_variant|MODERATE|ZNF717|ENSG00000227124|transcript|ENST00000478296.5|protein_coding|4/4|c.2125G>A|p.Glu709Lys|2402/3875|2125/2595|709/864||
chr3,75737365,G,T,MODERATE,missense_variant,ZNF717,T|missense_variant|MODERATE|ZNF717|ENSG00000227124|transcript|ENST00000478296.5|protein_coding|4/4|c.2108C>A|p.Thr703Asn|2385/3875|2108/2595|703/864||
chr3,75738221,A,T,MODERATE,missense_variant,ZNF717,T|missense_variant|MODERATE|ZNF717|ENSG00000227124|transcript|ENST00000478296.5|protein_coding|4/4|c.1252T>A|p.Leu418Ile|1529/3875|1252/2595|418/864||
chr4,41257616,C,A,MODERATE,missense_variant,UCHL1,A|missense_variant|MODERATE|UCHL1|ENSG00000154277|transcript|ENST00000284440.8|protein_coding|3/9|c.53C>A|p.Ser18Tyr|197/1172|53/672|18/223||
chr5,136172692,A,G,MODERATE,missense_variant,SMAD5,G|missense_variant|MODERATE|SMAD5|ENSG00000113658|transcript|ENST00000507637.1|protein_coding|3/3|c.500A>G|p.Asn167Ser|501/638|500/522|167/173||WARNING_TRANSCRIPT_NO_START_CODON
chr6,53654807,C,T,MODERATE,missense_variant,KLHL31,T|missense_variant|MODERATE|KLHL31|ENSG00000124743|transcript|ENST00000370905.3|protein_coding|2/3|c.466G>A|p.Val156Ile|607/5743|466/1905|156/634||
chr6,57190556,C,T,MODERATE,missense_variant,RAB23,T|missense_variant|MODERATE|RAB23|ENSG00000112210|transcript|ENST00000317483.4|protein_coding|7/7|c.619G>A|p.Gly207Ser|773/2546|619/714|207/237||
chr7,100949676,T,G,MODERATE,missense_variant,MUC3A,G|missense_variant|MODERATE|MUC3A|ENSG00000169894|transcript|ENST00000379458.8|protein_coding|1/12|c.52T>G|p.Trp18Gly|122/11226|52/9972|18/3323||
chr7,100951865,T,C,MODERATE,missense_variant,MUC3A,C|missense_variant|MODERATE|MUC3A|ENSG00000169894|transcript|ENST00000379458.8|protein_coding|2/12|c.86T>C|p.Ile29Thr|156/11226|86/9972|29/3323||
chr7,100953305,A,G,MODERATE,missense_variant,MUC3A,G|missense_variant|MODERATE|MUC3A|ENSG00000169894|transcript|ENST00000379458.8|protein_coding|2/12|c.1526A>G|p.Asn509Ser|1596/11226|1526/9972|509/3323||
chr7,100953556,A,G,MODERATE,missense_variant,MUC3A,G|missense_variant|MODERATE|MUC3A|ENSG00000169894|transcript|ENST00000379458.8|protein_coding|2/12|c.1777A>G|p.Thr593Ala|1847/11226|1777/9972|593/3323||
chr7,100953563,G,A,MODERATE,missense_variant,MUC3A,A|missense_variant|MODERATE|MUC3A|ENSG00000169894|transcript|ENST00000379458.8|protein_coding|2/12|c.1784G>A|p.Gly595Glu|1854/11226|1784/9972|595/3323||
chr7,100953614,C,T,MODERATE,missense_variant,MUC3A,T|missense_variant|MODERATE|MUC3A|ENSG00000169894|transcript|ENST00000379458.8|protein_coding|2/12|c.1835C>T|p.Thr612Ile|1905/11226|1835/9972|612/3323||
chr7,100953620,C,T,MODERATE,missense_variant,MUC3A,T|missense_variant|MODERATE|MUC3A|ENSG00000169894|transcript|ENST00000379458.8|protein_coding|2/12|c.1841C>T|p.Pro614Leu|1911/11226|1841/9972|614/3323||
chr7,100953629,C,A,MODERATE,missense_variant,MUC3A,A|missense_variant|MODERATE|MUC3A|ENSG00000169894|transcript|ENST00000379458.8|protein_coding|2/12|c.1850C>A|p.Thr617Lys|1920/11226|1850/9972|617/3323||
chr7,100953634,G,A,MODERATE,missense_variant,MUC3A,A|missense_variant|MODERATE|MUC3A|ENSG00000169894|transcript|ENST00000379458.8|protein_coding|2/12|c.1855G>A|p.Asp619Asn|1925/11226|1855/9972|619/3323||
chr7,100953644,C,G,MODERATE,missense_variant,MUC3A,G|missense_variant|MODERATE|MUC3A|ENSG00000169894|transcript|ENST00000379458.8|protein_coding|2/12|c.1865C>G|p.Thr622Arg|1935/11226|1865/9972|622/3323||
chr7,100953755,C,G,MODERATE,missense_variant,MUC3A,G|missense_variant|MODERATE|MUC3A|ENSG00000169894|transcript|ENST00000379458.8|protein_coding|2/12|c.1976C>G|p.Ser659Cys|2046/11226|1976/9972|659/3323||
chr7,100953770,C,G,MODERATE,missense_variant,MUC3A,G|missense_variant|MODERATE|MUC3A|ENSG00000169894|transcript|ENST00000379458.8|protein_coding|2/12|c.1991C>G|p.Thr664Ser|2061/11226|1991/9972|664/3323||
chr7,100953776,T,A,MODERATE,missense_variant,MUC3A,A|missense_variant|MODERATE|MUC3A|ENSG00000169894|transcript|ENST00000379458.8|protein_coding|2/12|c.1997T>A|p.Met666Lys|2067/11226|1997/9972|666/3323||
chr7,100953778,C,A,MODERATE,missense_variant,MUC3A,A|missense_variant|MODERATE|MUC3A|ENSG00000169894|transcript|ENST00000379458.8|protein_coding|2/12|c.1999C>A|p.Pro667Thr|2069/11226|1999/9972|667/3323||
chr7,100953779,C,T,MODERATE,missense_variant,MUC3A,T|missense_variant|MODERATE|MUC3A|ENSG00000169894|transcript|ENST00000379458.8|protein_coding|2/12|c.2000C>T|p.Pro667Leu|2070/11226|2000/9972|667/3323||
chr7,100953812,T,C,MODERATE,missense_variant,MUC3A,C|missense_variant|MODERATE|MUC3A|ENSG00000169894|transcript|ENST00000379458.8|protein_coding|2/12|c.2033T>C|p.Val678Ala|2103/11226|2033/9972|678/3323||
chr7,100953814,G,A,MODERATE,missense_variant,MUC3A,A|missense_variant|MODERATE|MUC3A|ENSG00000169894|transcript|ENST00000379458.8|protein_coding|2/12|c.2035G>A|p.Val679Ile|2105/11226|2035/9972|679/3323||
chr7,100953818,C,T,MODERATE,missense_variant,MUC3A,T|missense_variant|MODERATE|MUC3A|ENSG00000169894|transcript|ENST00000379458.8|protein_coding|2/12|c.2039C>T|p.Thr680Ile|2109/11226|2039/9972|680/3323||
chr7,100953830,T,C,MODERATE,missense_variant,MUC3A,C|missense_variant|MODERATE|MUC3A|ENSG00000169894|transcript|ENST00000379458.8|protein_coding|2/12|c.2051T>C|p.Ile684Thr|2121/11226|2051/9972|684/3323||
chr7,100953851,T,C,MODERATE,missense_variant,MUC3A,C|missense_variant|MODERATE|MUC3A|ENSG00000169894|transcript|ENST00000379458.8|protein_coding|2/12|c.2072T>C|p.Ile691Thr|2142/11226|2072/9972|691/3323||
chr7,100955414,G,C,MODERATE,missense_variant,MUC3A,C|missense_variant|MODERATE|MUC3A|ENSG00000169894|transcript|ENST00000379458.8|protein_coding|2/12|c.3635G>C|p.Gly1212Ala|3705/11226|3635/9972|1212/3323||
chr7,100955861,T,C,MODERATE,missense_variant,MUC3A,C|missense_variant|MODERATE|MUC3A|ENSG00000169894|transcript|ENST00000379458.8|protein_coding|2/12|c.4082T>C|p.Leu1361Pro|4152/11226|4082/9972|1361/3323||
chr7,100956539,G,C,MODERATE,missense_variant,MUC3A,C|missense_variant|MODERATE|MUC3A|ENSG00000169894|transcript|ENST00000379458.8|protein_coding|2/12|c.4760G>C|p.Ser1587Thr|4830/11226|4760/9972|1587/3323||
chr7,100956697,C,T,MODERATE,missense_variant,MUC3A,T|missense_variant|MODERATE|MUC3A|ENSG00000169894|transcript|ENST00000379458.8|protein_coding|2/12|c.4918C>T|p.Pro1640Ser|4988/11226|4918/9972|1640/3323||
chr7,100956991,A,G,MODERATE,missense_variant,MUC3A,G|missense_variant|MODERATE|MUC3A|ENSG00000169894|transcript|ENST00000379458.8|protein_coding|2/12|c.5212A>G|p.Lys1738Glu|5282/11226|5212/9972|1738/3323||
chr7,100957015,T,C,MODERATE,missense_variant,MUC3A,C|missense_variant|MODERATE|MUC3A|ENSG00000169894|transcript|ENST00000379458.8|protein_coding|2/12|c.5236T>C|p.Ser1746Pro|5306/11226|5236/9972|1746/3323||
chr7,100957844,A,G,MODERATE,missense_variant,MUC3A,G|missense_variant|MODERATE|MUC3A|ENSG00000169894|transcript|ENST00000379458.8|protein_coding|2/12|c.6065A>G|p.Asn2022Ser|6135/11226|6065/9972|2022/3323||
chr7,100957982,T,C,MODERATE,missense_variant,MUC3A,C|missense_variant|MODERATE|MUC3A|ENSG00000169894|transcript|ENST00000379458.8|protein_coding|2/12|c.6203T>C|p.Ile2068Thr|6273/11226|6203/9972|2068/3323||
chr7,100958000,T,C,MODERATE,missense_variant,MUC3A,C|missense_variant|MODERATE|MUC3A|ENSG00000169894|transcript|ENST00000379458.8|protein_coding|2/12|c.6221T>C|p.Leu2074Pro|6291/11226|6221/9972|2074/3323||
chr7,100958051,T,C,MODERATE,missense_variant,MUC3A,C|missense_variant|MODERATE|MUC3A|ENSG00000169894|transcript|ENST00000379458.8|protein_coding|2/12|c.6272T>C|p.Leu2091Pro|6342/11226|6272/9972|2091/3323||
chr7,100958135,T,C,MODERATE,missense_variant,MUC3A,C|missense_variant|MODERATE|MUC3A|ENSG00000169894|transcript|ENST00000379458.8|protein_coding|2/12|c.6356T>C|p.Met2119Thr|6426/11226|6356/9972|2119/3323||
chr7,100958136,G,C,MODERATE,missense_variant,MUC3A,C|missense_variant|MODERATE|MUC3A|ENSG00000169894|transcript|ENST00000379458.8|protein_coding|2/12|c.6357G>C|p.Met2119Ile|6427/11226|6357/9972|2119/3323||
chr7,100958186,A,C,MODERATE,missense_variant,MUC3A,C|missense_variant|MODERATE|MUC3A|ENSG00000169894|transcript|ENST00000379458.8|protein_coding|2/12|c.6407A>C|p.Asn2136Thr|6477/11226|6407/9972|2136/3323||
chr7,100958191,A,T,MODERATE,missense_variant,MUC3A,T|missense_variant|MODERATE|MUC3A|ENSG00000169894|transcript|ENST00000379458.8|protein_coding|2/12|c.6412A>T|p.Thr2138Ser|6482/11226|6412/9972|2138/3323||
chr7,100958207,A,G,MODERATE,missense_variant,MUC3A,G|missense_variant|MODERATE|MUC3A|ENSG00000169894|transcript|ENST00000379458.8|protein_coding|2/12|c.6428A>G|p.Asn2143Ser|6498/11226|6428/9972|2143/3323||
chr7,100958396,T,C,MODERATE,missense_variant,MUC3A,C|missense_variant|MODERATE|MUC3A|ENSG00000169894|transcript|ENST00000379458.8|protein_coding|2/12|c.6617T>C|p.Ile2206Thr|6687/11226|6617/9972|2206/3323||
chr7,100958447,G,C,MODERATE,missense_variant,MUC3A,C|missense_variant|MODERATE|MUC3A|ENSG00000169894|transcript|ENST00000379458.8|protein_coding|2/12|c.6668G>C|p.Ser2223Thr|6738/11226|6668/9972|2223/3323||
chr7,100958491,G,A,MODERATE,missense_variant,MUC3A,A|missense_variant|MODERATE|MUC3A|ENSG00000169894|transcript|ENST00000379458.8|protein_coding|2/12|c.6712G>A|p.Gly2238Ser|6782/11226|6712/9972|2238/3323||
chr7,100958584,G,A,MODERATE,missense_variant,MUC3A,A|missense_variant|MODERATE|MUC3A|ENSG00000169894|transcript|ENST00000379458.8|protein_coding|2/12|c.6805G>A|p.Asp2269Asn|6875/11226|6805/9972|2269/3323||
chr7,100958585,A,G,MODERATE,missense_variant,MUC3A,G|missense_variant|MODERATE|MUC3A|ENSG00000169894|transcript|ENST00000379458.8|protein_coding|2/12|c.6806A>G|p.Asp2269Gly|6876/11226|6806/9972|2269/3323||
chr7,100958618,G,C,MODERATE,missense_variant,MUC3A,C|missense_variant|MODERATE|MUC3A|ENSG00000169894|transcript|ENST00000379458.8|protein_coding|2/12|c.6839G>C|p.Ser2280Thr|6909/11226|6839/9972|2280/3323||
chr7,100958626,C,A,MODERATE,missense_variant,MUC3A,A|missense_variant|MODERATE|MUC3A|ENSG00000169894|transcript|ENST00000379458.8|protein_coding|2/12|c.6847C>A|p.Pro2283Thr|6917/11226|6847/9972|2283/3323||
chr7,100958648,C,T,MODERATE,missense_variant,MUC3A,T|missense_variant|MODERATE|MUC3A|ENSG00000169894|transcript|ENST00000379458.8|protein_coding|2/12|c.6869C>T|p.Ser2290Phe|6939/11226|6869/9972|2290/3323||
chr7,100958657,T,C,MODERATE,missense_variant,MUC3A,C|missense_variant|MODERATE|MUC3A|ENSG00000169894|transcript|ENST00000379458.8|protein_coding|2/12|c.6878T>C|p.Leu2293Ser|6948/11226|6878/9972|2293/3323||
chr7,100958671,A,G,MODERATE,missense_variant,MUC3A,G|missense_variant|MODERATE|MUC3A|ENSG00000169894|transcript|ENST00000379458.8|protein_coding|2/12|c.6892A>G|p.Lys2298Glu|6962/11226|6892/9972|2298/3323||
chr7,100958740,G,A,MODERATE,missense_variant,MUC3A,A|missense_variant|MODERATE|MUC3A|ENSG00000169894|transcript|ENST00000379458.8|protein_coding|2/12|c.6961G>A|p.Ala2321Thr|7031/11226|6961/9972|2321/3323||
chr7,100958744,A,C,MODERATE,missense_variant,MUC3A,C|missense_variant|MODERATE|MUC3A|ENSG00000169894|transcript|ENST00000379458.8|protein_coding|2/12|c.6965A>C|p.His2322Pro|7035/11226|6965/9972|2322/3323||
chr7,100958789,A,G,MODERATE,missense_variant,MUC3A,G|missense_variant|MODERATE|MUC3A|ENSG00000169894|transcript|ENST00000379458.8|protein_coding|2/12|c.7010A>G|p.Asn2337Ser|7080/11226|7010/9972|2337/3323||
chr7,100958795,G,C,MODERATE,missense_variant,MUC3A,C|missense_variant|MODERATE|MUC3A|ENSG00000169894|transcript|ENST00000379458.8|protein_coding|2/12|c.7016G>C|p.Arg2339Pro|7086/11226|7016/9972|2339/3323||
chr7,100958831,A,C,MODERATE,missense_variant,MUC3A,C|missense_variant|MODERATE|MUC3A|ENSG00000169894|transcript|ENST00000379458.8|protein_coding|2/12|c.7052A>C|p.Asn2351Thr|7122/11226|7052/9972|2351/3323||
chr7,100958845,A,C,MODERATE,missense_variant,MUC3A,C|missense_variant|MODERATE|MUC3A|ENSG00000169894|transcript|ENST00000379458.8|protein_coding|2/12|c.7066A>C|p.Thr2356Pro|7136/11226|7066/9972|2356/3323||
chr7,100958906,G,C,MODERATE,missense_variant,MUC3A,C|missense_variant|MODERATE|MUC3A|ENSG00000169894|transcript|ENST00000379458.8|protein_coding|2/12|c.7127G>C|p.Ser2376Thr|7197/11226|7127/9972|2376/3323||
chr7,100960421,T,C,MODERATE,missense_variant,MUC3A,C|missense_variant|MODERATE|MUC3A|ENSG00000169894|transcript|ENST00000379458.8|protein_coding|2/12|c.8642T>C|p.Leu2881Pro|8712/11226|8642/9972|2881/3323||
chr7,100960609,C,T,HIGH,stop_gained,MUC3A,T|stop_gained|HIGH|MUC3A|ENSG00000169894|transcript|ENST00000379458.8|protein_coding|2/12|c.8830C>T|p.Gln2944*|8900/11226|8830/9972|2944/3323||
chr7,100960610,A,G,MODERATE,missense_variant,MUC3A,G|missense_variant|MODERATE|MUC3A|ENSG00000169894|transcript|ENST00000379458.8|protein_coding|2/12|c.8831A>G|p.Gln2944Arg|8901/11226|8831/9972|2944/3323||
chr7,134221917,C,T,MODERATE,missense_variant&splice_region_variant,LRGUK,T|missense_variant&splice_region_variant|MODERATE|LRGUK|ENSG00000155530|transcript|ENST00000285928.2|protein_coding|16/20|c.1982C>T|p.Ala661Val|2051/3163|1982/2478|661/825||
chr7,144363709,C,T,MODERATE,missense_variant,ARHGEF5,T|missense_variant|MODERATE|ARHGEF5|ENSG00000050327|transcript|ENST00000056217.9|protein_coding|2/15|c.1040C>T|p.Thr347Ile|1214/5544|1040/4794|347/1597||
chr7,150793996,T,G,MODERATE,missense_variant,TMEM176B,G|missense_variant|MODERATE|TMEM176B|ENSG00000106565|transcript|ENST00000326442.9|protein_coding|3/7|c.280A>C|p.Ser94Arg|352/1129|280/813|94/270||
chr8,97277486,G,C,MODERATE,missense_variant,TSPYL5,C|missense_variant|MODERATE|TSPYL5|ENSG00000180543|transcript|ENST00000322128.4|protein_coding|1/1|c.359C>G|p.Thr120Ser|479/4491|359/1254|120/417||
chr8,142879686,C,T,MODERATE,missense_variant,CYP11B1,T|missense_variant|MODERATE|CYP11B1|ENSG00000160882|transcript|ENST00000377675.3|protein_coding|1/11|c.128G>A|p.Arg43Gln|135/2280|128/1725|43/574||
chr9,14889,A,G,MODERATE,missense_variant,WASH1,G|missense_variant|MODERATE|WASH1|ENSG00000181404|transcript|ENST00000442898.4|protein_coding|11/11|c.1316T>C|p.Val439Ala|1459/1827|1316/1398|439/465||
chr9,41040359,C,T,HIGH,splice_donor_variant&intron_variant,PGM5P2,T|splice_donor_variant&intron_variant|HIGH|PGM5P2|ENSG00000277778|transcript|ENST00000613141.1|processed_transcript|5/8|n.1057+1G>A||||||
chr9,62859071,C,T,HIGH,splice_donor_variant&intron_variant,RP11-262H14.3,T|splice_donor_variant&intron_variant|HIGH|RP11-262H14.3|ENSG00000234665|transcript|ENST00000591993.5|lincRNA|5/5|n.740+1G>A||||||
chr10,26067063,A,G,MODERATE,missense_variant,MYO3A,G|missense_variant|MODERATE|MYO3A|ENSG00000095777|transcript|ENST00000265944.9|protein_coding|11/35|c.1042A>G|p.Ile348Val|1208/5581|1042/4851|348/1616||
chr10,46550427,T,C,MODERATE,missense_variant,GPRIN2,C|missense_variant|MODERATE|GPRIN2|ENSG00000204175|transcript|ENST00000374317.1|protein_coding|3/3|c.310A>G|p.Ser104Gly|583/1966|310/1377|104/458||
chr10,46550439,T,G,MODERATE,missense_variant,GPRIN2,G|missense_variant|MODERATE|GPRIN2|ENSG00000204175|transcript|ENST00000374317.1|protein_coding|3/3|c.298A>C|p.Thr100Pro|571/1966|298/1377|100/458||
chr10,46550618,C,T,MODERATE,missense_variant,GPRIN2,T|missense_variant|MODERATE|GPRIN2|ENSG00000204175|transcript|ENST00000374317.1|protein_coding|3/3|c.119G>A|p.Arg40His|392/1966|119/1377|40/458||
chr10,46550723,C,T,MODERATE,missense_variant,GPRIN2,T|missense_variant|MODERATE|GPRIN2|ENSG00000204175|transcript|ENST00000374317.1|protein_coding|3/3|c.14G>A|p.Arg5His|287/1966|14/1377|5/458||
chr11,829539,A,G,MODERATE,missense_variant&splice_region_variant,CRACR2B,G|missense_variant&splice_region_variant|MODERATE|CRACR2B|ENSG00000177685|transcript|ENST00000525077.1|protein_coding|3/9|c.457A>G|p.Lys153Glu|558/1578|457/1200|153/399||
chr12,76862901,T,G,MODERATE,missense_variant,CSRP2,G|missense_variant|MODERATE|CSRP2|ENSG00000175183|transcript|ENST00000552330.5|protein_coding|4/7|c.340A>C|p.Asn114His|395/910|340/732|114/243||
chr15,41885957,T,C,MODERATE,missense_variant,SPTBN5,C|missense_variant|MODERATE|SPTBN5|ENSG00000137877|transcript|ENST00000320955.7|protein_coding|7/68|c.1298A>G|p.His433Arg|1526/11725|1298/11025|433/3674||
chr15,57439530,A,G,MODERATE,missense_variant,CGNL1,G|missense_variant|MODERATE|CGNL1|ENSG00000128849|transcript|ENST00000281282.5|protein_coding|2/19|c.1531A>G|p.Thr511Ala|1609/7224|1531/3909|511/1302||
chr16,74410940,A,G,MODERATE,missense_variant,CLEC18B,G|missense_variant|MODERATE|CLEC18B|ENSG00000140839|transcript|ENST00000339953.9|protein_coding|9/13|c.1079T>C|p.Ile360Thr|1201/1865|1079/1368|360/455||
chr16,88428999,G,C,MODERATE,missense_variant,ZNF469,C|missense_variant|MODERATE|ZNF469|ENSG00000225614|transcript|ENST00000437464.1|protein_coding|1/2|c.1529G>C|p.Gly510Ala|1529/13203|1529/11778|510/3925||
chr17,80105798,A,G,MODERATE,missense_variant,GAA,G|missense_variant|MODERATE|GAA|ENSG00000171298|transcript|ENST00000302262.7|protein_coding|3/20|c.596A>G|p.His199Arg|815/3626|596/2859|199/952||
chr17,80105870,G,A,MODERATE,missense_variant,GAA,A|missense_variant|MODERATE|GAA|ENSG00000171298|transcript|ENST00000302262.7|protein_coding|3/20|c.668G>A|p.Arg223His|887/3626|668/2859|223/952||
chr19,18667635,C,G,MODERATE,missense_variant,KLHL26,G|missense_variant|MODERATE|KLHL26|ENSG00000167487|transcript|ENST00000595423.1|protein_coding|3/3|c.322C>G|p.Gln108Glu|323/554|322/553|108/183||WARNING_TRANSCRIPT_INCOMPLETE
chr20,29092559,T,G,HIGH,splice_donor_variant&intron_variant,FRG1DP,G|splice_donor_variant&intron_variant|HIGH|FRG1DP|ENSG00000282870|transcript|ENST00000635586.1|unprocessed_pseudogene|4/8|n.311+2T>G||||||
chr20,63238255,C,A,MODERATE,missense_variant,BIRC7,A|missense_variant|MODERATE|BIRC7|ENSG00000101197|transcript|ENST00000395306.1|protein_coding|1/4|c.48C>A|p.His16Gln|54/593|48/582|16/193||
chr22,11068057,A,T,MODERATE,missense_variant,BAGE5,T|missense_variant|MODERATE|BAGE5|ENSG00000279973|transcript|ENST00000624155.1|protein_coding|2/2|c.88A>T|p.Arg30Trp|88/120|88/120|30/39||
chr22,22904902,T,C,MODERATE,missense_variant,IGLJ3,C|missense_variant|MODERATE|IGLJ3|ENSG00000211678|transcript|ENST00000390324.2|IG_J_gene|1/1|c.28T>C|p.Ser10Pro|53/176|28/151|10/49||WARNING_TRANSCRIPT_INCOMPLETE
chr22,22904902,T,G,MODERATE,missense_variant,IGLJ3,G|missense_variant|MODERATE|IGLJ3|ENSG00000211678|transcript|ENST00000390324.2|IG_J_gene|1/1|c.28T>G|p.Ser10Ala|53/176|28/151|10/49||WARNING_TRANSCRIPT_INCOMPLETE
chr1,16585519,A,C,MODERATE,missense_variant,NBPF1,C|missense_variant|MODERATE|NBPF1|ENSG00000219481|transcript|ENST00000430580.6|protein_coding|12/29|c.958T>G|p.Cys320Gly|1846/5932|958/3420|320/1139||
chr1,16939065,C,T,MODERATE,missense_variant,CROCC,T|missense_variant|MODERATE|CROCC|ENSG00000058453|transcript|ENST00000467938.5|protein_coding|10/17|c.1210C>T|p.Pro404Ser|1212/2515|1210/2513|404/836||WARNING_TRANSCRIPT_INCOMPLETE
chr1,42153481,C,A,MODERATE,missense_variant,GUCA2B,A|missense_variant|MODERATE|GUCA2B|ENSG00000044012|transcript|ENST00000372581.1|protein_coding|1/3|c.31C>A|p.Pro11Thr|61/597|31/339|11/112||
chr1,146069639,A,G,MODERATE,missense_variant,NBPF10,G|missense_variant|MODERATE|NBPF10|ENSG00000271425|transcript|ENST00000583866.8|protein_coding|86/90|c.10714T>C|p.Ser3572Pro|10749/13042|10714/11388|3572/3795||
chr1,152215987,G,A,MODERATE,missense_variant,HRNR,A|missense_variant|MODERATE|HRNR|ENSG00000197915|transcript|ENST00000368801.2|protein_coding|3/3|c.5642C>T|p.Ser1881Phe|5718/9623|5642/8553|1881/2850||
chr1,157802065,C,T,MODERATE,missense_variant,FCRL1,T|missense_variant|MODERATE|FCRL1|ENSG00000163534|transcript|ENST00000368176.7|protein_coding|5/11|c.736G>A|p.Asp246Asn|804/2596|736/1290|246/429||
chr10,15531051,A,G,MODERATE,missense_variant&splice_region_variant,ITGA8,G|missense_variant&splice_region_variant|MODERATE|ITGA8|ENSG00000077943|transcript|ENST00000378076.3|protein_coding|28/30|c.2981T>C|p.Val994Ala|3335/6755|2981/3192|994/1063||
chr10,26066977,G,A,MODERATE,missense_variant&splice_region_variant,MYO3A,A|missense_variant&splice_region_variant|MODERATE|MYO3A|ENSG00000095777|transcript|ENST00000265944.9|protein_coding|11/35|c.956G>A|p.Arg319His|1122/5581|956/4851|319/1616||
chr10,46550040,C,A,MODERATE,missense_variant,GPRIN2,A|missense_variant|MODERATE|GPRIN2|ENSG00000204175|transcript|ENST00000374317.1|protein_coding|3/3|c.697G>T|p.Ala233Ser|970/1966|697/1377|233/458||
chr10,46550598,C,T,MODERATE,missense_variant,GPRIN2,T|missense_variant|MODERATE|GPRIN2|ENSG00000204175|transcript|ENST00000374317.1|protein_coding|3/3|c.139G>A|p.Val47Met|412/1966|139/1377|47/458||
chr11,108513934,C,A,MODERATE,missense_variant,EXPH5,A|missense_variant|MODERATE|EXPH5|ENSG00000110723|transcript|ENST00000265843.8|protein_coding|6/6|c.1573G>T|p.Val525Phe|1684/10187|1573/5970|525/1989||
chr13,18176171,C,T,HIGH,splice_acceptor_variant&intron_variant,RP11-341D18.2,T|splice_acceptor_variant&intron_variant|HIGH|RP11-341D18.2|ENSG00000279924|transcript|ENST00000623078.1|unprocessed_pseudogene|1/3|n.912-1G>A||||||
chr15,51383823,T,G,MODERATE,missense_variant,GLDN,G|missense_variant|MODERATE|GLDN|ENSG00000186417|transcript|ENST00000396399.6|protein_coding|4/10|c.100T>G|p.Leu34Val|149/4584|100/1284|34/427||
chr16,74391650,A,G,MODERATE,missense_variant,NPIPB15,G|missense_variant|MODERATE|NPIPB15|ENSG00000196436|transcript|ENST00000429990.1|protein_coding|7/7|c.902A>G|p.Tyr301Cys|998/1428|902/1332|301/443||
chr2,95941196,C,T,MODERATE,missense_variant,ANKRD36C,T|missense_variant|MODERATE|ANKRD36C|ENSG00000174501|transcript|ENST00000456556.5|protein_coding|20/67|c.1495G>A|p.Gly499Arg|1580/5428|1495/5337|499/1778||
chr2,95945173,T,G,MODERATE,missense_variant&splice_region_variant,ANKRD36C,G|missense_variant&splice_region_variant|MODERATE|ANKRD36C|ENSG00000174501|transcript|ENST00000456556.5|protein_coding|18/67|c.1364A>C|p.Asn455Thr|1449/5428|1364/5337|455/1778||
chr2,95950756,C,A,MODERATE,missense_variant,ANKRD36C,A|missense_variant|MODERATE|ANKRD36C|ENSG00000174501|transcript|ENST00000456556.5|protein_coding|16/67|c.1288G>T|p.Val430Phe|1373/5428|1288/5337|430/1778||
chr2,95950758,G,C,MODERATE,missense_variant,ANKRD36C,C|missense_variant|MODERATE|ANKRD36C|ENSG00000174501|transcript|ENST00000456556.5|protein_coding|16/67|c.1286C>G|p.Ala429Gly|1371/5428|1286/5337|429/1778||
chr2,95950759,C,A,MODERATE,missense_variant,ANKRD36C,A|missense_variant|MODERATE|ANKRD36C|ENSG00000174501|transcript|ENST00000456556.5|protein_coding|16/67|c.1285G>T|p.Ala429Ser|1370/5428|1285/5337|429/1778||
chr2,95950779,A,C,MODERATE,missense_variant&splice_region_variant,ANKRD36C,C|missense_variant&splice_region_variant|MODERATE|ANKRD36C|ENSG00000174501|transcript|ENST00000456556.5|protein_coding|16/67|c.1265T>G|p.Val422Gly|1350/5428|1265/5337|422/1778||
chr2,95951363,G,A,HIGH,stop_gained,ANKRD36C,A|stop_gained|HIGH|ANKRD36C|ENSG00000174501|transcript|ENST00000456556.5|protein_coding|15/67|c.1249C>T|p.Arg417*|1334/5428|1249/5337|417/1778||
chr2,95951365,G,A,MODERATE,missense_variant,ANKRD36C,A|missense_variant|MODERATE|ANKRD36C|ENSG00000174501|transcript|ENST00000456556.5|protein_coding|15/67|c.1247C>T|p.Pro416Leu|1332/5428|1247/5337|416/1778||
chr2,95951377,T,C,MODERATE,missense_variant,ANKRD36C,C|missense_variant|MODERATE|ANKRD36C|ENSG00000174501|transcript|ENST00000456556.5|protein_coding|15/67|c.1235A>G|p.Lys412Arg|1320/5428|1235/5337|412/1778||
chr2,95951384,T,C,MODERATE,missense_variant,ANKRD36C,C|missense_variant|MODERATE|ANKRD36C|ENSG00000174501|transcript|ENST00000456556.5|protein_coding|15/67|c.1228A>G|p.Lys410Glu|1313/5428|1228/5337|410/1778||
chr2,95951407,A,G,MODERATE,missense_variant&splice_region_variant,ANKRD36C,G|missense_variant&splice_region_variant|MODERATE|ANKRD36C|ENSG00000174501|transcript|ENST00000456556.5|protein_coding|15/67|c.1205T>C|p.Ile402Thr|1290/5428|1205/5337|402/1778||
chr2,97163245,C,T,MODERATE,missense_variant&splice_region_variant,ANKRD36,T|missense_variant&splice_region_variant|MODERATE|ANKRD36|ENSG00000135976|transcript|ENST00000620383.1|protein_coding|8/16|c.827C>T|p.Ala276Val|910/1884|827/930|276/309||
chr2,97167729,C,T,MODERATE,missense_variant,ANKRD36,T|missense_variant|MODERATE|ANKRD36|ENSG00000135976|transcript|ENST00000420699.6|protein_coding|22/76|c.1595C>T|p.Ala532Val|1839/6269|1595/5826|532/1941||
chr20,29092559,T,G,HIGH,splice_donor_variant&intron_variant,FRG1DP,G|splice_donor_variant&intron_variant|HIGH|FRG1DP|ENSG00000282870|transcript|ENST00000635586.1|unprocessed_pseudogene|4/8|n.311+2T>G||||||
chr22,11066503,G,A,HIGH,start_lost,BAGE5,A|start_lost|HIGH|BAGE5|ENSG00000279973|transcript|ENST00000624155.1|protein_coding|1/2|c.3G>A|p.Met1?|3/120|3/120|1/39||
chr22,11068057,A,T,MODERATE,missense_variant,BAGE5,T|missense_variant|MODERATE|BAGE5|ENSG00000279973|transcript|ENST00000624155.1|protein_coding|2/2|c.88A>T|p.Arg30Trp|88/120|88/120|30/39||
chr3,75738221,A,T,MODERATE,missense_variant,ZNF717,T|missense_variant|MODERATE|ZNF717|ENSG00000227124|transcript|ENST00000478296.5|protein_coding|4/4|c.1252T>A|p.Leu418Ile|1529/3875|1252/2595|418/864||
chr4,9216694,G,C,MODERATE,missense_variant,USP17L11,C|missense_variant|MODERATE|USP17L11|ENSG00000233136|transcript|ENST00000613973.1|protein_coding|1/3|c.1290G>C|p.Gln430His|1290/1677|1290/1677|430/558||
chr4,9243945,T,C,MODERATE,missense_variant,USP17L17,C|missense_variant|MODERATE|USP17L17|ENSG00000249104|transcript|ENST00000614762.1|protein_coding|1/3|c.67T>C|p.Ser23Pro|67/1677|67/1677|23/558||
chr4,9245168,G,C,MODERATE,missense_variant,USP17L17,C|missense_variant|MODERATE|USP17L17|ENSG00000249104|transcript|ENST00000614762.1|protein_coding|1/3|c.1290G>C|p.Gln430His|1290/1677|1290/1677|430/558||
chr4,9248696,T,C,MODERATE,missense_variant,USP17L18,C|missense_variant|MODERATE|USP17L18|ENSG00000250844|transcript|ENST00000619296.1|protein_coding|1/3|c.67T>C|p.Ser23Pro|67/1677|67/1677|23/558||
chr7,11469934,G,C,MODERATE,missense_variant,THSD7A,C|missense_variant|MODERATE|THSD7A|ENSG00000005108|transcript|ENST00000423059.8|protein_coding|9/28|c.2313C>G|p.Asp771Glu|2565/10663|2313/4974|771/1657||
chr7,100953332,T,A,MODERATE,missense_variant,MUC3A,A|missense_variant|MODERATE|MUC3A|ENSG00000169894|transcript|ENST00000379458.8|protein_coding|2/12|c.1553T>A|p.Leu518His|1623/11226|1553/9972|518/3323||
chr7,100953341,C,T,MODERATE,missense_variant,MUC3A,T|missense_variant|MODERATE|MUC3A|ENSG00000169894|transcript|ENST00000379458.8|protein_coding|2/12|c.1562C>T|p.Pro521Leu|1632/11226|1562/9972|521/3323||
chr7,100953482,C,A,MODERATE,missense_variant,MUC3A,A|missense_variant|MODERATE|MUC3A|ENSG00000169894|transcript|ENST00000379458.8|protein_coding|2/12|c.1703C>A|p.Ser568Tyr|1773/11226|1703/9972|568/3323||
chr7,100953520,T,C,MODERATE,missense_variant,MUC3A,C|missense_variant|MODERATE|MUC3A|ENSG00000169894|transcript|ENST00000379458.8|protein_coding|2/12|c.1741T>C|p.Ser581Pro|1811/11226|1741/9972|581/3323||
chr7,100953524,C,G,MODERATE,missense_variant,MUC3A,G|missense_variant|MODERATE|MUC3A|ENSG00000169894|transcript|ENST00000379458.8|protein_coding|2/12|c.1745C>G|p.Thr582Arg|1815/11226|1745/9972|582/3323||
chr7,100953536,C,T,MODERATE,missense_variant,MUC3A,T|missense_variant|MODERATE|MUC3A|ENSG00000169894|transcript|ENST00000379458.8|protein_coding|2/12|c.1757C>T|p.Pro586Leu|1827/11226|1757/9972|586/3323||
chr7,100953542,C,T,MODERATE,missense_variant,MUC3A,T|missense_variant|MODERATE|MUC3A|ENSG00000169894|transcript|ENST00000379458.8|protein_coding|2/12|c.1763C>T|p.Ser588Leu|1833/11226|1763/9972|588/3323||
chr7,100953544,A,T,MODERATE,missense_variant,MUC3A,T|missense_variant|MODERATE|MUC3A|ENSG00000169894|transcript|ENST00000379458.8|protein_coding|2/12|c.1765A>T|p.Thr589Ser|1835/11226|1765/9972|589/3323||
chr7,100953551,C,T,MODERATE,missense_variant,MUC3A,T|missense_variant|MODERATE|MUC3A|ENSG00000169894|transcript|ENST00000379458.8|protein_coding|2/12|c.1772C>T|p.Ala591Val|1842/11226|1772/9972|591/3323||
chr7,100953560,C,G,MODERATE,missense_variant,MUC3A,G|missense_variant|MODERATE|MUC3A|ENSG00000169894|transcript|ENST00000379458.8|protein_coding|2/12|c.1781C>G|p.Thr594Arg|1851/11226|1781/9972|594/3323||
chr7,100953589,T,C,MODERATE,missense_variant,MUC3A,C|missense_variant|MODERATE|MUC3A|ENSG00000169894|transcript|ENST00000379458.8|protein_coding|2/12|c.1810T>C|p.Ser604Pro|1880/11226|1810/9972|604/3323||
chr7,100953604,C,T,MODERATE,missense_variant,MUC3A,T|missense_variant|MODERATE|MUC3A|ENSG00000169894|transcript|ENST00000379458.8|protein_coding|2/12|c.1825C>T|p.Pro609Ser|1895/11226|1825/9972|609/3323||
chr7,100953620,C,T,MODERATE,missense_variant,MUC3A,T|missense_variant|MODERATE|MUC3A|ENSG00000169894|transcript|ENST00000379458.8|protein_coding|2/12|c.1841C>T|p.Pro614Leu|1911/11226|1841/9972|614/3323||
chr7,100953707,C,T,MODERATE,missense_variant,MUC3A,T|missense_variant|MODERATE|MUC3A|ENSG00000169894|transcript|ENST00000379458.8|protein_coding|2/12|c.1928C>T|p.Thr643Ile|1998/11226|1928/9972|643/3323||
chr7,100953889,A,G,MODERATE,missense_variant,MUC3A,G|missense_variant|MODERATE|MUC3A|ENSG00000169894|transcript|ENST00000379458.8|protein_coding|2/12|c.2110A>G|p.Met704Val|2180/11226|2110/9972|704/3323||
chr7,100953899,C,T,MODERATE,missense_variant,MUC3A,T|missense_variant|MODERATE|MUC3A|ENSG00000169894|transcript|ENST00000379458.8|protein_coding|2/12|c.2120C>T|p.Ser707Phe|2190/11226|2120/9972|707/3323||
chr7,100953952,G,A,MODERATE,missense_variant,MUC3A,A|missense_variant|MODERATE|MUC3A|ENSG00000169894|transcript|ENST00000379458.8|protein_coding|2/12|c.2173G>A|p.Glu725Lys|2243/11226|2173/9972|725/3323||
chr7,100953968,C,T,MODERATE,missense_variant,MUC3A,T|missense_variant|MODERATE|MUC3A|ENSG00000169894|transcript|ENST00000379458.8|protein_coding|2/12|c.2189C>T|p.Thr730Ile|2259/11226|2189/9972|730/3323||
chr7,100956697,C,T,MODERATE,missense_variant,MUC3A,T|missense_variant|MODERATE|MUC3A|ENSG00000169894|transcript|ENST00000379458.8|protein_coding|2/12|c.4918C>T|p.Pro1640Ser|4988/11226|4918/9972|1640/3323||
chr7,100957777,A,G,MODERATE,missense_variant,MUC3A,G|missense_variant|MODERATE|MUC3A|ENSG00000169894|transcript|ENST00000379458.8|protein_coding|2/12|c.5998A>G|p.Thr2000Ala|6068/11226|5998/9972|2000/3323||
chr7,100957778,C,A,MODERATE,missense_variant,MUC3A,A|missense_variant|MODERATE|MUC3A|ENSG00000169894|transcript|ENST00000379458.8|protein_coding|2/12|c.5999C>A|p.Thr2000Asn|6069/11226|5999/9972|2000/3323||
chr7,100957844,A,G,MODERATE,missense_variant,MUC3A,G|missense_variant|MODERATE|MUC3A|ENSG00000169894|transcript|ENST00000379458.8|protein_coding|2/12|c.6065A>G|p.Asn2022Ser|6135/11226|6065/9972|2022/3323||
chr7,100957857,G,C,MODERATE,missense_variant,MUC3A,C|missense_variant|MODERATE|MUC3A|ENSG00000169894|transcript|ENST00000379458.8|protein_coding|2/12|c.6078G>C|p.Leu2026Phe|6148/11226|6078/9972|2026/3323||
chr7,100957982,T,C,MODERATE,missense_variant,MUC3A,C|missense_variant|MODERATE|MUC3A|ENSG00000169894|transcript|ENST00000379458.8|protein_coding|2/12|c.6203T>C|p.Ile2068Thr|6273/11226|6203/9972|2068/3323||
chr7,100958000,T,C,MODERATE,missense_variant,MUC3A,C|missense_variant|MODERATE|MUC3A|ENSG00000169894|transcript|ENST00000379458.8|protein_coding|2/12|c.6221T>C|p.Leu2074Pro|6291/11226|6221/9972|2074/3323||
chr7,100958051,T,C,MODERATE,missense_variant,MUC3A,C|missense_variant|MODERATE|MUC3A|ENSG00000169894|transcript|ENST00000379458.8|protein_coding|2/12|c.6272T>C|p.Leu2091Pro|6342/11226|6272/9972|2091/3323||
chr7,100958128,T,A,MODERATE,missense_variant,MUC3A,A|missense_variant|MODERATE|MUC3A|ENSG00000169894|transcript|ENST00000379458.8|protein_coding|2/12|c.6349T>A|p.Ser2117Thr|6419/11226|6349/9972|2117/3323||
chr7,100958136,G,C,MODERATE,missense_variant,MUC3A,C|missense_variant|MODERATE|MUC3A|ENSG00000169894|transcript|ENST00000379458.8|protein_coding|2/12|c.6357G>C|p.Met2119Ile|6427/11226|6357/9972|2119/3323||
chr7,100958137,C,A,MODERATE,missense_variant,MUC3A,A|missense_variant|MODERATE|MUC3A|ENSG00000169894|transcript|ENST00000379458.8|protein_coding|2/12|c.6358C>A|p.Pro2120Thr|6428/11226|6358/9972|2120/3323||
chr7,100958186,A,C,MODERATE,missense_variant,MUC3A,C|missense_variant|MODERATE|MUC3A|ENSG00000169894|transcript|ENST00000379458.8|protein_coding|2/12|c.6407A>C|p.Asn2136Thr|6477/11226|6407/9972|2136/3323||
chr7,100958191,A,T,MODERATE,missense_variant,MUC3A,T|missense_variant|MODERATE|MUC3A|ENSG00000169894|transcript|ENST00000379458.8|protein_coding|2/12|c.6412A>T|p.Thr2138Ser|6482/11226|6412/9972|2138/3323||
chr7,100958207,A,G,MODERATE,missense_variant,MUC3A,G|missense_variant|MODERATE|MUC3A|ENSG00000169894|transcript|ENST00000379458.8|protein_coding|2/12|c.6428A>G|p.Asn2143Ser|6498/11226|6428/9972|2143/3323||
chr7,100958396,T,C,MODERATE,missense_variant,MUC3A,C|missense_variant|MODERATE|MUC3A|ENSG00000169894|transcript|ENST00000379458.8|protein_coding|2/12|c.6617T>C|p.Ile2206Thr|6687/11226|6617/9972|2206/3323||
chr7,100958447,G,C,MODERATE,missense_variant,MUC3A,C|missense_variant|MODERATE|MUC3A|ENSG00000169894|transcript|ENST00000379458.8|protein_coding|2/12|c.6668G>C|p.Ser2223Thr|6738/11226|6668/9972|2223/3323||
chr7,100958491,G,A,MODERATE,missense_variant,MUC3A,A|missense_variant|MODERATE|MUC3A|ENSG00000169894|transcript|ENST00000379458.8|protein_coding|2/12|c.6712G>A|p.Gly2238Ser|6782/11226|6712/9972|2238/3323||
chr7,100958584,G,A,MODERATE,missense_variant,MUC3A,A|missense_variant|MODERATE|MUC3A|ENSG00000169894|transcript|ENST00000379458.8|protein_coding|2/12|c.6805G>A|p.Asp2269Asn|6875/11226|6805/9972|2269/3323||
chr7,100958585,A,G,MODERATE,missense_variant,MUC3A,G|missense_variant|MODERATE|MUC3A|ENSG00000169894|transcript|ENST00000379458.8|protein_coding|2/12|c.6806A>G|p.Asp2269Gly|6876/11226|6806/9972|2269/3323||
chr7,100958618,G,C,MODERATE,missense_variant,MUC3A,C|missense_variant|MODERATE|MUC3A|ENSG00000169894|transcript|ENST00000379458.8|protein_coding|2/12|c.6839G>C|p.Ser2280Thr|6909/11226|6839/9972|2280/3323||
chr7,100958648,C,T,MODERATE,missense_variant,MUC3A,T|missense_variant|MODERATE|MUC3A|ENSG00000169894|transcript|ENST00000379458.8|protein_coding|2/12|c.6869C>T|p.Ser2290Phe|6939/11226|6869/9972|2290/3323||
chr7,100958671,A,G,MODERATE,missense_variant,MUC3A,G|missense_variant|MODERATE|MUC3A|ENSG00000169894|transcript|ENST00000379458.8|protein_coding|2/12|c.6892A>G|p.Lys2298Glu|6962/11226|6892/9972|2298/3323||
chr7,100958740,G,A,MODERATE,missense_variant,MUC3A,A|missense_variant|MODERATE|MUC3A|ENSG00000169894|transcript|ENST00000379458.8|protein_coding|2/12|c.6961G>A|p.Ala2321Thr|7031/11226|6961/9972|2321/3323||
chr7,100958744,A,C,MODERATE,missense_variant,MUC3A,C|missense_variant|MODERATE|MUC3A|ENSG00000169894|transcript|ENST00000379458.8|protein_coding|2/12|c.6965A>C|p.His2322Pro|7035/11226|6965/9972|2322/3323||
chr7,100958759,C,T,MODERATE,missense_variant,MUC3A,T|missense_variant|MODERATE|MUC3A|ENSG00000169894|transcript|ENST00000379458.8|protein_coding|2/12|c.6980C>T|p.Ser2327Leu|7050/11226|6980/9972|2327/3323||
chr7,100958789,A,G,MODERATE,missense_variant,MUC3A,G|missense_variant|MODERATE|MUC3A|ENSG00000169894|transcript|ENST00000379458.8|protein_coding|2/12|c.7010A>G|p.Asn2337Ser|7080/11226|7010/9972|2337/3323||
chr7,100958795,G,C,MODERATE,missense_variant,MUC3A,C|missense_variant|MODERATE|MUC3A|ENSG00000169894|transcript|ENST00000379458.8|protein_coding|2/12|c.7016G>C|p.Arg2339Pro|7086/11226|7016/9972|2339/3323||
chr7,100958831,A,C,MODERATE,missense_variant,MUC3A,C|missense_variant|MODERATE|MUC3A|ENSG00000169894|transcript|ENST00000379458.8|protein_coding|2/12|c.7052A>C|p.Asn2351Thr|7122/11226|7052/9972|2351/3323||
chr7,100958845,A,C,MODERATE,missense_variant,MUC3A,C|missense_variant|MODERATE|MUC3A|ENSG00000169894|transcript|ENST00000379458.8|protein_coding|2/12|c.7066A>C|p.Thr2356Pro|7136/11226|7066/9972|2356/3323||
chr7,100958906,G,C,MODERATE,missense_variant,MUC3A,C|missense_variant|MODERATE|MUC3A|ENSG00000169894|transcript|ENST00000379458.8|protein_coding|2/12|c.7127G>C|p.Ser2376Thr|7197/11226|7127/9972|2376/3323||
chr8,86214405,TCCGACATC,T,HIGH,frameshift_variant&stop_lost,SLC7A13,T|frameshift_variant&stop_lost|HIGH|SLC7A13|ENSG00000164893|transcript|ENST00000297524.7|protein_coding|4/4|c.1413_*7delGATGTCGG|p.Ter471fs|1524/1878|1413/1413|471/470||
chr8,86215619,G,T,MODERATE,missense_variant,SLC7A13,T|missense_variant|MODERATE|SLC7A13|ENSG00000164893|transcript|ENST00000419776.2|protein_coding|4/5|c.1222C>A|p.Leu408Met|1305/1618|1222/1302|408/433||
chr8,86472440,C,T,MODERATE,missense_variant,RMDN1,T|missense_variant|MODERATE|RMDN1|ENSG00000176623|transcript|ENST00000519789.5|protein_coding|8/8|c.635G>A|p.Gly212Asp|636/728|635/675|212/224||WARNING_TRANSCRIPT_NO_START_CODON
chr8,123812586,G,A,MODERATE,missense_variant,FAM91A1,A|missense_variant|MODERATE|FAM91A1|ENSG00000176853|transcript|ENST00000334705.11|protein_coding|24/24|c.2399G>A|p.Cys800Tyr|2645/5511|2399/2517|800/838||
chr8,132055068,G,A,MODERATE,missense_variant,RP11-240B13.2,A|missense_variant|MODERATE|RP11-240B13.2|ENSG00000258417|transcript|ENST00000262283.5|protein_coding|5/18|c.547C>T|p.Arg183Cys|647/2413|547/2070|183/689||
chr1,43671586,C,A,MODERATE,missense_variant,KDM4A,A|missense_variant|MODERATE|KDM4A|ENSG00000066135|transcript|ENST00000372396.3|protein_coding|11/22|c.1445C>A|p.Ala482Glu|1579/4474|1445/3195|482/1064||
chr1,59926665,A,G,MODERATE,missense_variant,CYP2J2,G|missense_variant|MODERATE|CYP2J2|ENSG00000134716|transcript|ENST00000371204.3|protein_coding|1/9|c.82T>C|p.Phe28Leu|126/1896|82/1509|28/502||
chr1,89056158,G,C,MODERATE,missense_variant,GBP1,C|missense_variant|MODERATE|GBP1|ENSG00000117228|transcript|ENST00000370473.4|protein_coding|8/11|c.1226C>G|p.Ala409Gly|1446/3035|1226/1779|409/592||
chr1,146989687,A,G,MODERATE,missense_variant,NBPF12,G|missense_variant|MODERATE|NBPF12|ENSG00000268043|transcript|ENST00000617844.4|protein_coding|28/34|c.3512A>G|p.Tyr1171Cys|3946/6326|3512/4374|1171/1457||
chr10,46550040,C,A,MODERATE,missense_variant,GPRIN2,A|missense_variant|MODERATE|GPRIN2|ENSG00000204175|transcript|ENST00000374317.1|protein_coding|3/3|c.697G>T|p.Ala233Ser|970/1966|697/1377|233/458||
chr10,46550133,C,A,MODERATE,missense_variant,GPRIN2,A|missense_variant|MODERATE|GPRIN2|ENSG00000204175|transcript|ENST00000374317.1|protein_coding|3/3|c.604G>T|p.Gly202Trp|877/1966|604/1377|202/458||
chr10,122216876,C,A,MODERATE,missense_variant,TACC2,A|missense_variant|MODERATE|TACC2|ENSG00000138162|transcript|ENST00000508411.1|protein_coding|3/5|c.334C>A|p.Pro112Thr|334/497|334/497|112/164||WARNING_TRANSCRIPT_INCOMPLETE
chr10,122591497,C,T,MODERATE,missense_variant,DMBT1,T|missense_variant|MODERATE|DMBT1|ENSG00000187908|transcript|ENST00000338354.7|protein_coding|19/53|c.2156C>T|p.Thr719Met|2262/7686|2156/7242|719/2413||
chr11,54706953,A,T,MODERATE,missense_variant,OR4A5,T|missense_variant|MODERATE|OR4A5|ENSG00000221840|transcript|ENST00000319760.7|protein_coding|1/1|c.69A>T|p.Lys23Asn|69/948|69/948|23/315||
chr12,203267,G,A,HIGH,splice_donor_variant&intron_variant,SLC6A12,A|splice_donor_variant&intron_variant|HIGH|SLC6A12|ENSG00000111181|transcript|ENST00000538272.5|processed_transcript|1/4|n.239+2C>T||||||
chr12,889199,G,T,MODERATE,missense_variant,WNK1,T|missense_variant|MODERATE|WNK1|ENSG00000060237|transcript|ENST00000530271.6|protein_coding|22/31|c.6663G>T|p.Met2221Ile|7306/11804|6663/8502|2221/2833||
chr12,3201245,T,A,MODERATE,missense_variant,TSPAN9,A|missense_variant|MODERATE|TSPAN9|ENSG00000011105|transcript|ENST00000011898.9|protein_coding|3/9|c.52T>A|p.Leu18Met|213/4323|52/720|18/239||
chr12,4599033,A,G,MODERATE,missense_variant,DYRK4,G|missense_variant|MODERATE|DYRK4|ENSG00000010219|transcript|ENST00000540757.6|protein_coding|7/13|c.566A>G|p.Asn189Ser|726/3272|566/1563|189/520||
chr12,5494441,G,A,MODERATE,missense_variant,NTF3,A|missense_variant|MODERATE|NTF3|ENSG00000185652|transcript|ENST00000423158.3|protein_coding|2/2|c.266G>A|p.Gly89Glu|478/1336|266/813|89/270||
chr12,8223514,T,C,MODERATE,missense_variant,FAM90A1,C|missense_variant|MODERATE|FAM90A1|ENSG00000171847|transcript|ENST00000538603.5|protein_coding|6/7|c.367A>G|p.Arg123Gly|926/2513|367/1395|123/464||
chr12,9165188,A,G,MODERATE,missense_variant,PZP,G|missense_variant|MODERATE|PZP|ENSG00000126838|transcript|ENST00000261336.6|protein_coding|19/36|c.2438T>C|p.Val813Ala|2467/4610|2438/4449|813/1482||
chr12,9270369,C,A,HIGH,splice_donor_variant&intron_variant,A2MP1,A|splice_donor_variant&intron_variant|HIGH|A2MP1|ENSG00000256069|transcript|ENST00000566278.6|transcribed_unprocessed_pseudogene|6/31|n.784+1G>T||||||
chr12,9984958,A,C,MODERATE,missense_variant,CLEC12A,C|missense_variant|MODERATE|CLEC12A|ENSG00000172322|transcript|ENST00000355690.8|protein_coding|7/7|c.760A>C|p.Lys254Gln|791/1428|760/828|254/275||
chr12,9997252,C,T,MODERATE,missense_variant,CLEC1B,T|missense_variant|MODERATE|CLEC1B|ENSG00000165682|transcript|ENST00000298527.10|protein_coding|3/6|c.191G>A|p.Gly64Asp|371/952|191/690|64/229||
chr12,10408358,T,C,MODERATE,missense_variant,KLRC4,C|missense_variant|MODERATE|KLRC4|ENSG00000183542|transcript|ENST00000309384.2|protein_coding|3/4|c.311A>G|p.Asn104Ser|493/930|311/477|104/158||
chr12,10434512,A,G,MODERATE,missense_variant,RP11-277P12.6,G|missense_variant|MODERATE|RP11-277P12.6|ENSG00000255641|transcript|ENST00000539033.1|protein_coding|3/7|c.305T>C|p.Phe102Ser|320/998|305/723|102/240||
chr12,10435982,T,C,MODERATE,missense_variant,RP11-277P12.6,C|missense_variant|MODERATE|RP11-277P12.6|ENSG00000255641|transcript|ENST00000539033.1|protein_coding|1/7|c.5A>G|p.Asn2Ser|20/998|5/723|2/240||
chr12,10722889,T,C,MODERATE,missense_variant,YBX3,C|missense_variant|MODERATE|YBX3|ENSG00000060138|transcript|ENST00000228251.8|protein_coding|1/10|c.223A>G|p.Thr75Ala|424/1796|223/1119|75/372||
chr12,12822066,A,C,MODERATE,missense_variant,DDX47,C|missense_variant|MODERATE|DDX47|ENSG00000213782|transcript|ENST00000358007.7|protein_coding|5/12|c.544A>C|p.Met182Leu|566/1817|544/1368|182/455||
chr12,20369318,G,A,MODERATE,missense_variant,PDE3A,A|missense_variant|MODERATE|PDE3A|ENSG00000172572|transcript|ENST00000359062.3|protein_coding|1/16|c.34G>A|p.Asp12Asn|74/7576|34/3426|12/1141||
chr12,21560468,T,C,MODERATE,missense_variant,GYS2,C|missense_variant|MODERATE|GYS2|ENSG00000111713|transcript|ENST00000261195.2|protein_coding|8/16|c.1087A>G|p.Met363Val|1342/3132|1087/2112|363/703||
chr12,27672474,A,G,MODERATE,missense_variant,PPFIBP1,G|missense_variant|MODERATE|PPFIBP1|ENSG00000110841|transcript|ENST00000318304.12|protein_coding|15/29|c.1361A>G|p.Asp454Gly|1644/6001|1361/3036|454/1011||
chr12,29521087,G,T,HIGH,splice_donor_variant&intron_variant,RP11-310I24.1,T|splice_donor_variant&intron_variant|HIGH|RP11-310I24.1|ENSG00000257456|transcript|ENST00000549070.1|antisense|2/2|n.243+2G>T||||||
chr12,29783693,C,A,MODERATE,missense_variant,TMTC1,A|missense_variant|MODERATE|TMTC1|ENSG00000133687|transcript|ENST00000539277.5|protein_coding|1/18|c.59G>T|p.Arg20Leu|118/2758|59/2649|20/882||
chr12,31103612,G,A,MODERATE,missense_variant,DDX11,A|missense_variant|MODERATE|DDX11|ENSG00000013573|transcript|ENST00000545668.5|protein_coding|26/27|c.2567G>A|p.Arg856His|2647/3751|2567/2913|856/970||
chr12,31452110,G,T,MODERATE,missense_variant,DENND5B,T|missense_variant|MODERATE|DENND5B|ENSG00000170456|transcript|ENST00000354285.8|protein_coding|6/9|c.1525C>A|p.His509Asn|1705/3132|1525/2217|509/738||
chr12,128705396,G,A,MODERATE,missense_variant,TMEM132C,A|missense_variant|MODERATE|TMEM132C|ENSG00000181234|transcript|ENST00000435159.2|protein_coding|9/9|c.2428G>A|p.Gly810Arg|2428/4947|2428/3327|810/1108||
chr14,19827468,C,G,MODERATE,missense_variant,OR4N2,G|missense_variant|MODERATE|OR4N2|ENSG00000176294|transcript|ENST00000315947.1|protein_coding|1/1|c.20C>G|p.Thr7Arg|20/924|20/924|7/307||
chr14,19936455,C,A,MODERATE,missense_variant,OR4K1,A|missense_variant|MODERATE|OR4K1|ENSG00000155249|transcript|ENST00000285600.4|protein_coding|1/1|c.789C>A|p.Ser263Arg|848/1076|789/936|263/311||
chr14,19936577,G,A,MODERATE,missense_variant,OR4K1,A|missense_variant|MODERATE|OR4K1|ENSG00000155249|transcript|ENST00000285600.4|protein_coding|1/1|c.911G>A|p.Arg304His|970/1076|911/936|304/311||
chr17,17793441,C,A,MODERATE,missense_variant,RAI1,A|missense_variant|MODERATE|RAI1|ENSG00000108557|transcript|ENST00000353383.5|protein_coding|3/6|c.493C>A|p.Pro165Thr|962/7662|493/5721|165/1906||
chr17,18494232,G,C,MODERATE,missense_variant,LGALS9C,C|missense_variant|MODERATE|LGALS9C|ENSG00000171916|transcript|ENST00000328114.10|protein_coding|11/11|c.936G>C|p.Leu312Phe|1017/1730|936/1071|312/356||
chr17,21300875,G,T,MODERATE,missense_variant&splice_region_variant,MAP2K3,T|missense_variant&splice_region_variant|MODERATE|MAP2K3|ENSG00000034152|transcript|ENST00000342679.8|protein_coding|5/12|c.281G>T|p.Arg94Leu|530/2303|281/1044|94/347||
chr17,21300880,C,T,MODERATE,missense_variant,MAP2K3,T|missense_variant|MODERATE|MAP2K3|ENSG00000034152|transcript|ENST00000342679.8|protein_coding|5/12|c.286C>T|p.Arg96Trp|535/2303|286/1044|96/347||
chr17,21300898,C,T,HIGH,stop_gained,MAP2K3,T|stop_gained|HIGH|MAP2K3|ENSG00000034152|transcript|ENST00000342679.8|protein_coding|5/12|c.304C>T|p.Gln102*|553/2303|304/1044|102/347||
chr2,95945173,T,G,MODERATE,missense_variant&splice_region_variant,ANKRD36C,G|missense_variant&splice_region_variant|MODERATE|ANKRD36C|ENSG00000174501|transcript|ENST00000456556.5|protein_coding|18/67|c.1364A>C|p.Asn455Thr|1449/5428|1364/5337|455/1778||
chr2,95950756,C,A,MODERATE,missense_variant,ANKRD36C,A|missense_variant|MODERATE|ANKRD36C|ENSG00000174501|transcript|ENST00000456556.5|protein_coding|16/67|c.1288G>T|p.Val430Phe|1373/5428|1288/5337|430/1778||
chr2,95950758,G,C,MODERATE,missense_variant,ANKRD36C,C|missense_variant|MODERATE|ANKRD36C|ENSG00000174501|transcript|ENST00000456556.5|protein_coding|16/67|c.1286C>G|p.Ala429Gly|1371/5428|1286/5337|429/1778||
chr2,95950759,C,A,MODERATE,missense_variant,ANKRD36C,A|missense_variant|MODERATE|ANKRD36C|ENSG00000174501|transcript|ENST00000456556.5|protein_coding|16/67|c.1285G>T|p.Ala429Ser|1370/5428|1285/5337|429/1778||
chr2,95951363,G,A,HIGH,stop_gained,ANKRD36C,A|stop_gained|HIGH|ANKRD36C|ENSG00000174501|transcript|ENST00000456556.5|protein_coding|15/67|c.1249C>T|p.Arg417*|1334/5428|1249/5337|417/1778||
chr2,95951384,T,C,MODERATE,missense_variant,ANKRD36C,C|missense_variant|MODERATE|ANKRD36C|ENSG00000174501|transcript|ENST00000456556.5|protein_coding|15/67|c.1228A>G|p.Lys410Glu|1313/5428|1228/5337|410/1778||
chr2,95951407,A,G,MODERATE,missense_variant&splice_region_variant,ANKRD36C,G|missense_variant&splice_region_variant|MODERATE|ANKRD36C|ENSG00000174501|transcript|ENST00000456556.5|protein_coding|15/67|c.1205T>C|p.Ile402Thr|1290/5428|1205/5337|402/1778||
chr20,29092559,T,G,HIGH,splice_donor_variant&intron_variant,FRG1DP,G|splice_donor_variant&intron_variant|HIGH|FRG1DP|ENSG00000282870|transcript|ENST00000635586.1|unprocessed_pseudogene|4/8|n.311+2T>G||||||
chr21,10592359,A,G,MODERATE,missense_variant,TPTE,G|missense_variant|MODERATE|TPTE|ENSG00000274391|transcript|ENST00000618007.4|protein_coding|19/24|c.1156A>G|p.Lys386Glu|1486/2150|1156/1656|386/551||
chr22,11068089,A,C,HIGH,stop_lost&splice_region_variant,BAGE5,C|stop_lost&splice_region_variant|HIGH|BAGE5|ENSG00000279973|transcript|ENST00000624155.1|protein_coding|2/2|c.120A>C|p.Ter40Cysext*?|120/120|120/120|40/39||
chr22,22904902,T,C,MODERATE,missense_variant,IGLJ3,C|missense_variant|MODERATE|IGLJ3|ENSG00000211678|transcript|ENST00000390324.2|IG_J_gene|1/1|c.28T>C|p.Ser10Pro|53/176|28/151|10/49||WARNING_TRANSCRIPT_INCOMPLETE
chr22,22904902,T,G,MODERATE,missense_variant,IGLJ3,G|missense_variant|MODERATE|IGLJ3|ENSG00000211678|transcript|ENST00000390324.2|IG_J_gene|1/1|c.28T>G|p.Ser10Ala|53/176|28/151|10/49||WARNING_TRANSCRIPT_INCOMPLETE
chr3,193276754,A,G,MODERATE,missense_variant,ATP13A5,G|missense_variant|MODERATE|ATP13A5|ENSG00000187527|transcript|ENST00000342358.8|protein_coding|29/30|c.3392T>C|p.Val1131Ala|3510/4027|3392/3657|1131/1218||
chr4,1171953,A,G,MODERATE,missense_variant,SPON2,G|missense_variant|MODERATE|SPON2|ENSG00000159674|transcript|ENST00000290902.9|protein_coding|2/6|c.119T>C|p.Leu40Pro|452/1869|119/996|40/331||
chr4,9248696,T,C,MODERATE,missense_variant,USP17L18,C|missense_variant|MODERATE|USP17L18|ENSG00000250844|transcript|ENST00000619296.1|protein_coding|1/3|c.67T>C|p.Ser23Pro|67/1677|67/1677|23/558||
chr4,46051449,T,A,MODERATE,missense_variant,GABRG1,A|missense_variant|MODERATE|GABRG1|ENSG00000163285|transcript|ENST00000295452.4|protein_coding|8/9|c.1106A>T|p.Asp369Val|1274/6785|1106/1398|369/465||
chr4,99254373,G,A,HIGH,splice_acceptor_variant&intron_variant,RP11-696N14.1,A|splice_acceptor_variant&intron_variant|HIGH|RP11-696N14.1|ENSG00000246090|transcript|ENST00000506454.1|antisense|4/5|n.609-1G>A||||||
chr6,7230447,G,T,MODERATE,missense_variant,RREB1,T|missense_variant|MODERATE|RREB1|ENSG00000124782|transcript|ENST00000379938.6|protein_coding|10/13|c.2348G>T|p.Gly783Val|2885/8778|2348/5229|783/1742||
chr6,27309623,C,T,MODERATE,missense_variant,POM121L2,T|missense_variant|MODERATE|POM121L2|ENSG00000158553|transcript|ENST00000444565.1|protein_coding|1/1|c.2548G>A|p.Gly850Ser|2548/3108|2548/3108|850/1035||
chr7,12389177,G,A,MODERATE,missense_variant,VWDE,A|missense_variant|MODERATE|VWDE|ENSG00000146530|transcript|ENST00000275358.7|protein_coding|3/29|c.425C>T|p.Ser142Phe|614/5260|425/4773|142/1590||
chr7,25228315,T,C,MODERATE,missense_variant,NPVF,C|missense_variant|MODERATE|NPVF|ENSG00000105954|transcript|ENST00000222674.2|protein_coding|1/3|c.125A>G|p.Asp42Gly|172/1190|125/591|42/196||
chr7,100953410,C,A,MODERATE,missense_variant,MUC3A,A|missense_variant|MODERATE|MUC3A|ENSG00000169894|transcript|ENST00000379458.8|protein_coding|2/12|c.1631C>A|p.Ala544Asp|1701/11226|1631/9972|544/3323||
chr7,100953443,C,T,MODERATE,missense_variant,MUC3A,T|missense_variant|MODERATE|MUC3A|ENSG00000169894|transcript|ENST00000379458.8|protein_coding|2/12|c.1664C>T|p.Pro555Leu|1734/11226|1664/9972|555/3323||
chr7,100953452,G,T,MODERATE,missense_variant,MUC3A,T|missense_variant|MODERATE|MUC3A|ENSG00000169894|transcript|ENST00000379458.8|protein_coding|2/12|c.1673G>T|p.Ser558Ile|1743/11226|1673/9972|558/3323||
chr7,100953488,T,C,MODERATE,missense_variant,MUC3A,C|missense_variant|MODERATE|MUC3A|ENSG00000169894|transcript|ENST00000379458.8|protein_coding|2/12|c.1709T>C|p.Leu570Pro|1779/11226|1709/9972|570/3323||
chr7,100953499,A,T,MODERATE,missense_variant,MUC3A,T|missense_variant|MODERATE|MUC3A|ENSG00000169894|transcript|ENST00000379458.8|protein_coding|2/12|c.1720A>T|p.Thr574Ser|1790/11226|1720/9972|574/3323||
chr7,100953503,C,T,MODERATE,missense_variant,MUC3A,T|missense_variant|MODERATE|MUC3A|ENSG00000169894|transcript|ENST00000379458.8|protein_coding|2/12|c.1724C>T|p.Thr575Ile|1794/11226|1724/9972|575/3323||
chr7,100953523,A,G,MODERATE,missense_variant,MUC3A,G|missense_variant|MODERATE|MUC3A|ENSG00000169894|transcript|ENST00000379458.8|protein_coding|2/12|c.1744A>G|p.Thr582Ala|1814/11226|1744/9972|582/3323||
chr7,100955504,G,A,MODERATE,missense_variant,MUC3A,A|missense_variant|MODERATE|MUC3A|ENSG00000169894|transcript|ENST00000379458.8|protein_coding|2/12|c.3725G>A|p.Ser1242Asn|3795/11226|3725/9972|1242/3323||
chr7,100956223,C,T,MODERATE,missense_variant,MUC3A,T|missense_variant|MODERATE|MUC3A|ENSG00000169894|transcript|ENST00000379458.8|protein_coding|2/12|c.4444C>T|p.Pro1482Ser|4514/11226|4444/9972|1482/3323||
chr7,100956251,C,G,MODERATE,missense_variant,MUC3A,G|missense_variant|MODERATE|MUC3A|ENSG00000169894|transcript|ENST00000379458.8|protein_coding|2/12|c.4472C>G|p.Thr1491Ser|4542/11226|4472/9972|1491/3323||
chr7,100956269,C,T,MODERATE,missense_variant,MUC3A,T|missense_variant|MODERATE|MUC3A|ENSG00000169894|transcript|ENST00000379458.8|protein_coding|2/12|c.4490C>T|p.Pro1497Leu|4560/11226|4490/9972|1497/3323||
chr7,100956277,T,C,MODERATE,missense_variant,MUC3A,C|missense_variant|MODERATE|MUC3A|ENSG00000169894|transcript|ENST00000379458.8|protein_coding|2/12|c.4498T>C|p.Ser1500Pro|4568/11226|4498/9972|1500/3323||
chr7,100956320,A,T,MODERATE,missense_variant,MUC3A,T|missense_variant|MODERATE|MUC3A|ENSG00000169894|transcript|ENST00000379458.8|protein_coding|2/12|c.4541A>T|p.Asn1514Ile|4611/11226|4541/9972|1514/3323||
chr7,100957691,A,G,MODERATE,missense_variant,MUC3A,G|missense_variant|MODERATE|MUC3A|ENSG00000169894|transcript|ENST00000379458.8|protein_coding|2/12|c.5912A>G|p.Asn1971Ser|5982/11226|5912/9972|1971/3323||
chr7,100957702,C,T,MODERATE,missense_variant,MUC3A,T|missense_variant|MODERATE|MUC3A|ENSG00000169894|transcript|ENST00000379458.8|protein_coding|2/12|c.5923C>T|p.Leu1975Phe|5993/11226|5923/9972|1975/3323||
chr7,100957754,A,T,MODERATE,missense_variant,MUC3A,T|missense_variant|MODERATE|MUC3A|ENSG00000169894|transcript|ENST00000379458.8|protein_coding|2/12|c.5975A>T|p.Tyr1992Phe|6045/11226|5975/9972|1992/3323||
chr7,100957844,A,G,MODERATE,missense_variant,MUC3A,G|missense_variant|MODERATE|MUC3A|ENSG00000169894|transcript|ENST00000379458.8|protein_coding|2/12|c.6065A>G|p.Asn2022Ser|6135/11226|6065/9972|2022/3323||
chr7,100958051,T,C,MODERATE,missense_variant,MUC3A,C|missense_variant|MODERATE|MUC3A|ENSG00000169894|transcript|ENST00000379458.8|protein_coding|2/12|c.6272T>C|p.Leu2091Pro|6342/11226|6272/9972|2091/3323||
chr7,100958128,T,A,MODERATE,missense_variant,MUC3A,A|missense_variant|MODERATE|MUC3A|ENSG00000169894|transcript|ENST00000379458.8|protein_coding|2/12|c.6349T>A|p.Ser2117Thr|6419/11226|6349/9972|2117/3323||
chr7,100958136,G,C,MODERATE,missense_variant,MUC3A,C|missense_variant|MODERATE|MUC3A|ENSG00000169894|transcript|ENST00000379458.8|protein_coding|2/12|c.6357G>C|p.Met2119Ile|6427/11226|6357/9972|2119/3323||
chr7,100958186,A,C,MODERATE,missense_variant,MUC3A,C|missense_variant|MODERATE|MUC3A|ENSG00000169894|transcript|ENST00000379458.8|protein_coding|2/12|c.6407A>C|p.Asn2136Thr|6477/11226|6407/9972|2136/3323||
chr7,100958188,G,A,MODERATE,missense_variant,MUC3A,A|missense_variant|MODERATE|MUC3A|ENSG00000169894|transcript|ENST00000379458.8|protein_coding|2/12|c.6409G>A|p.Ala2137Thr|6479/11226|6409/9972|2137/3323||
chr7,100958191,A,T,MODERATE,missense_variant,MUC3A,T|missense_variant|MODERATE|MUC3A|ENSG00000169894|transcript|ENST00000379458.8|protein_coding|2/12|c.6412A>T|p.Thr2138Ser|6482/11226|6412/9972|2138/3323||
chr7,100958207,A,G,MODERATE,missense_variant,MUC3A,G|missense_variant|MODERATE|MUC3A|ENSG00000169894|transcript|ENST00000379458.8|protein_coding|2/12|c.6428A>G|p.Asn2143Ser|6498/11226|6428/9972|2143/3323||
chr7,100958447,G,C,MODERATE,missense_variant,MUC3A,C|missense_variant|MODERATE|MUC3A|ENSG00000169894|transcript|ENST00000379458.8|protein_coding|2/12|c.6668G>C|p.Ser2223Thr|6738/11226|6668/9972|2223/3323||
chr7,100958491,G,A,MODERATE,missense_variant,MUC3A,A|missense_variant|MODERATE|MUC3A|ENSG00000169894|transcript|ENST00000379458.8|protein_coding|2/12|c.6712G>A|p.Gly2238Ser|6782/11226|6712/9972|2238/3323||
chr7,100958584,G,A,MODERATE,missense_variant,MUC3A,A|missense_variant|MODERATE|MUC3A|ENSG00000169894|transcript|ENST00000379458.8|protein_coding|2/12|c.6805G>A|p.Asp2269Asn|6875/11226|6805/9972|2269/3323||
chr7,100958585,A,G,MODERATE,missense_variant,MUC3A,G|missense_variant|MODERATE|MUC3A|ENSG00000169894|transcript|ENST00000379458.8|protein_coding|2/12|c.6806A>G|p.Asp2269Gly|6876/11226|6806/9972|2269/3323||
chr7,100958618,G,C,MODERATE,missense_variant,MUC3A,C|missense_variant|MODERATE|MUC3A|ENSG00000169894|transcript|ENST00000379458.8|protein_coding|2/12|c.6839G>C|p.Ser2280Thr|6909/11226|6839/9972|2280/3323||
chr7,100958626,C,A,MODERATE,missense_variant,MUC3A,A|missense_variant|MODERATE|MUC3A|ENSG00000169894|transcript|ENST00000379458.8|protein_coding|2/12|c.6847C>A|p.Pro2283Thr|6917/11226|6847/9972|2283/3323||
chr7,100958648,C,T,MODERATE,missense_variant,MUC3A,T|missense_variant|MODERATE|MUC3A|ENSG00000169894|transcript|ENST00000379458.8|protein_coding|2/12|c.6869C>T|p.Ser2290Phe|6939/11226|6869/9972|2290/3323||
chr7,100958740,G,A,MODERATE,missense_variant,MUC3A,A|missense_variant|MODERATE|MUC3A|ENSG00000169894|transcript|ENST00000379458.8|protein_coding|2/12|c.6961G>A|p.Ala2321Thr|7031/11226|6961/9972|2321/3323||
chr7,100958744,A,C,MODERATE,missense_variant,MUC3A,C|missense_variant|MODERATE|MUC3A|ENSG00000169894|transcript|ENST00000379458.8|protein_coding|2/12|c.6965A>C|p.His2322Pro|7035/11226|6965/9972|2322/3323||
chr7,100958789,A,G,MODERATE,missense_variant,MUC3A,G|missense_variant|MODERATE|MUC3A|ENSG00000169894|transcript|ENST00000379458.8|protein_coding|2/12|c.7010A>G|p.Asn2337Ser|7080/11226|7010/9972|2337/3323||
chr7,100958795,G,C,MODERATE,missense_variant,MUC3A,C|missense_variant|MODERATE|MUC3A|ENSG00000169894|transcript|ENST00000379458.8|protein_coding|2/12|c.7016G>C|p.Arg2339Pro|7086/11226|7016/9972|2339/3323||
chr7,100958831,A,C,MODERATE,missense_variant,MUC3A,C|missense_variant|MODERATE|MUC3A|ENSG00000169894|transcript|ENST00000379458.8|protein_coding|2/12|c.7052A>C|p.Asn2351Thr|7122/11226|7052/9972|2351/3323||
chr7,100958845,A,C,MODERATE,missense_variant,MUC3A,C|missense_variant|MODERATE|MUC3A|ENSG00000169894|transcript|ENST00000379458.8|protein_coding|2/12|c.7066A>C|p.Thr2356Pro|7136/11226|7066/9972|2356/3323||
chr7,100958906,G,C,MODERATE,missense_variant,MUC3A,C|missense_variant|MODERATE|MUC3A|ENSG00000169894|transcript|ENST00000379458.8|protein_coding|2/12|c.7127G>C|p.Ser2376Thr|7197/11226|7127/9972|2376/3323||
chr7,123169180,T,C,MODERATE,missense_variant,SLC13A1,C|missense_variant|MODERATE|SLC13A1|ENSG00000081800|transcript|ENST00000194130.6|protein_coding|4/15|c.521A>G|p.Asn174Ser|561/3815|521/1788|174/595||
chr8,33512426,T,C,MODERATE,missense_variant,TTI2,C|missense_variant|MODERATE|TTI2|ENSG00000129696|transcript|ENST00000613904.1|protein_coding|2/8|c.188A>G|p.Glu63Gly|513/2516|188/1527|63/508||
chr9,115046506,T,A,MODERATE,missense_variant,TNC,A|missense_variant|MODERATE|TNC|ENSG00000041982|transcript|ENST00000350763.8|protein_coding|17/28|c.5029A>T|p.Ile1677Leu|5441/7641|5029/6606|1677/2201||
chr1,248323998,C,T,MODERATE,missense_variant,OR2M7,T|missense_variant|MODERATE|OR2M7|ENSG00000177186|transcript|ENST00000317965.3|protein_coding|1/1|c.571G>A|p.Asp191Asn|571/939|571/939|191/312||
chr1,248324036,C,A,MODERATE,missense_variant,OR2M7,A|missense_variant|MODERATE|OR2M7|ENSG00000177186|transcript|ENST00000317965.3|protein_coding|1/1|c.533G>T|p.Cys178Phe|533/939|533/939|178/312||
chr10,62655424,A,G,MODERATE,missense_variant,ZNF365,G|missense_variant|MODERATE|ZNF365|ENSG00000138311|transcript|ENST00000395251.5|protein_coding|4/7|c.184A>G|p.Thr62Ala|518/2695|184/651|62/216||
chr11,56542746,C,T,MODERATE,missense_variant,OR5M11,T|missense_variant|MODERATE|OR5M11|ENSG00000255223|transcript|ENST00000528616.3|protein_coding|1/1|c.512G>A|p.Ser171Asn|512/918|512/918|171/305||
chr11,130906629,T,C,MODERATE,missense_variant,SNX19,C|missense_variant|MODERATE|SNX19|ENSG00000120451|transcript|ENST00000265909.8|protein_coding|6/11|c.2258A>G|p.Asn753Ser|2828/6535|2258/2979|753/992||
chr12,80367650,G,A,MODERATE,missense_variant,OTOGL,A|missense_variant|MODERATE|OTOGL|ENSG00000165899|transcript|ENST00000458043.6|protein_coding|53/58|c.6394G>A|p.Ala2132Thr|6400/8083|6394/7035|2132/2344||
chr14,19976448,C,G,MODERATE,missense_variant,OR4K15,G|missense_variant|MODERATE|OR4K15|ENSG00000169488|transcript|ENST00000305051.5|protein_coding|1/1|c.930C>G|p.Ile310Met|1005/1216|930/1047|310/348||
chr17,21298879,C,A,MODERATE,missense_variant&splice_region_variant,MAP2K3,A|missense_variant&splice_region_variant|MODERATE|MAP2K3|ENSG00000034152|transcript|ENST00000342679.8|protein_coding|3/12|c.118C>A|p.Pro40Thr|367/2303|118/1044|40/347||
chr2,90083007,A,G,MODERATE,missense_variant,IGKV1D-17,G|missense_variant|MODERATE|IGKV1D-17|ENSG00000242766|transcript|ENST00000483379.1|IG_V_gene|2/2|c.67A>G|p.Asn23Asp|248/532|67/351|23/116||WARNING_TRANSCRIPT_NO_STOP_CODON
chr2,95938843,A,G,MODERATE,missense_variant,ANKRD36C,G|missense_variant|MODERATE|ANKRD36C|ENSG00000174501|transcript|ENST00000456556.5|protein_coding|22/67|c.1619T>C|p.Leu540Pro|1704/5428|1619/5337|540/1778||
chr2,95950756,C,A,MODERATE,missense_variant,ANKRD36C,A|missense_variant|MODERATE|ANKRD36C|ENSG00000174501|transcript|ENST00000456556.5|protein_coding|16/67|c.1288G>T|p.Val430Phe|1373/5428|1288/5337|430/1778||
chr2,95950758,G,C,MODERATE,missense_variant,ANKRD36C,C|missense_variant|MODERATE|ANKRD36C|ENSG00000174501|transcript|ENST00000456556.5|protein_coding|16/67|c.1286C>G|p.Ala429Gly|1371/5428|1286/5337|429/1778||
chr2,95950759,C,A,MODERATE,missense_variant,ANKRD36C,A|missense_variant|MODERATE|ANKRD36C|ENSG00000174501|transcript|ENST00000456556.5|protein_coding|16/67|c.1285G>T|p.Ala429Ser|1370/5428|1285/5337|429/1778||
chr2,178795185,G,A,MODERATE,missense_variant,TTN,A|missense_variant|MODERATE|TTN|ENSG00000155657|transcript|ENST00000460472.6|protein_coding|7/191|c.982C>T|p.Arg328Cys|1207/82029|982/80781|328/26926||
chr2,184937484,C,CACA,MODERATE,disruptive_inframe_insertion,ZNF804A,CACA|disruptive_inframe_insertion|MODERATE|ZNF804A|ENSG00000170396|transcript|ENST00000302277.6|protein_coding|4/4|c.2090_2092dupCAA|p.Thr697dup|2687/4690|2093/3630|698/1209||INFO_REALIGN_3_PRIME
chr20,29092559,T,G,HIGH,splice_donor_variant&intron_variant,FRG1DP,G|splice_donor_variant&intron_variant|HIGH|FRG1DP|ENSG00000282870|transcript|ENST00000635586.1|unprocessed_pseudogene|4/8|n.311+2T>G||||||
chr21,10649583,T,C,MODERATE,missense_variant,IGHV1OR21-1,C|missense_variant|MODERATE|IGHV1OR21-1|ENSG00000277282|transcript|ENST00000622028.1|IG_V_gene|2/2|c.170A>G|p.His57Arg|170/353|170/353|57/116||WARNING_TRANSCRIPT_INCOMPLETE
chr22,11066503,G,A,HIGH,start_lost,BAGE5,A|start_lost|HIGH|BAGE5|ENSG00000279973|transcript|ENST00000624155.1|protein_coding|1/2|c.3G>A|p.Met1?|3/120|3/120|1/39||
chr22,11068057,A,T,MODERATE,missense_variant,BAGE5,T|missense_variant|MODERATE|BAGE5|ENSG00000279973|transcript|ENST00000624155.1|protein_coding|2/2|c.88A>T|p.Arg30Trp|88/120|88/120|30/39||
chr22,11068089,A,C,HIGH,stop_lost&splice_region_variant,BAGE5,C|stop_lost&splice_region_variant|HIGH|BAGE5|ENSG00000279973|transcript|ENST00000624155.1|protein_coding|2/2|c.120A>C|p.Ter40Cysext*?|120/120|120/120|40/39||
chr4,71752617,A,C,MODERATE,missense_variant,GC,C|missense_variant|MODERATE|GC|ENSG00000145321|transcript|ENST00000504199.5|protein_coding|12/14|c.1353T>G|p.Asp451Glu|1448/1777|1353/1482|451/493||
chr4,122239527,A,G,MODERATE,missense_variant,KIAA1109,G|missense_variant|MODERATE|KIAA1109|ENSG00000138688|transcript|ENST00000388738.7|protein_coding|27/84|c.3845A>G|p.Glu1282Gly|3890/15574|3845/15018|1282/5005||
chr6,70234554,T,C,MODERATE,missense_variant,COL9A1,C|missense_variant|MODERATE|COL9A1|ENSG00000112280|transcript|ENST00000357250.10|protein_coding|35/38|c.2299A>G|p.Met767Val|2458/4761|2299/2766|767/921||
chr7,13939184,T,C,MODERATE,missense_variant,ETV1,C|missense_variant|MODERATE|ETV1|ENSG00000006468|transcript|ENST00000430479.5|protein_coding|7/14|c.298A>G|p.Ser100Gly|966/6740|298/1434|100/477||
chr7,51029366,T,G,MODERATE,missense_variant,COBL,G|missense_variant|MODERATE|COBL|ENSG00000106078|transcript|ENST00000395542.6|protein_coding|11/14|c.1901A>C|p.Asp634Ala|2086/5339|1901/3816|634/1271||
chr7,88184320,C,T,MODERATE,missense_variant,ADAM22,T|missense_variant|MODERATE|ADAM22|ENSG00000008277|transcript|ENST00000426930.5|protein_coding|8/11|c.679C>T|p.His227Tyr|679/1259|679/993|227/330||WARNING_TRANSCRIPT_NO_START_CODON
chr7,88284046,C,T,MODERATE,missense_variant,STEAP4,T|missense_variant|MODERATE|STEAP4|ENSG00000127954|transcript|ENST00000380079.8|protein_coding|2/5|c.224G>A|p.Gly75Asp|326/9988|224/1380|75/459||
chr7,100952200,C,T,MODERATE,missense_variant,MUC3A,T|missense_variant|MODERATE|MUC3A|ENSG00000169894|transcript|ENST00000379458.8|protein_coding|2/12|c.421C>T|p.Pro141Ser|491/11226|421/9972|141/3323||
chr7,100952498,C,T,MODERATE,missense_variant,MUC3A,T|missense_variant|MODERATE|MUC3A|ENSG00000169894|transcript|ENST00000379458.8|protein_coding|2/12|c.719C>T|p.Thr240Met|789/11226|719/9972|240/3323||
chr7,100952749,A,G,MODERATE,missense_variant,MUC3A,G|missense_variant|MODERATE|MUC3A|ENSG00000169894|transcript|ENST00000379458.8|protein_coding|2/12|c.970A>G|p.Thr324Ala|1040/11226|970/9972|324/3323||
chr7,100952755,A,G,MODERATE,missense_variant,MUC3A,G|missense_variant|MODERATE|MUC3A|ENSG00000169894|transcript|ENST00000379458.8|protein_coding|2/12|c.976A>G|p.Ser326Gly|1046/11226|976/9972|326/3323||
chr7,100952756,G,C,MODERATE,missense_variant,MUC3A,C|missense_variant|MODERATE|MUC3A|ENSG00000169894|transcript|ENST00000379458.8|protein_coding|2/12|c.977G>C|p.Ser326Thr|1047/11226|977/9972|326/3323||
chr7,100952788,A,C,MODERATE,missense_variant,MUC3A,C|missense_variant|MODERATE|MUC3A|ENSG00000169894|transcript|ENST00000379458.8|protein_coding|2/12|c.1009A>C|p.Thr337Pro|1079/11226|1009/9972|337/3323||
chr7,100952792,C,T,MODERATE,missense_variant,MUC3A,T|missense_variant|MODERATE|MUC3A|ENSG00000169894|transcript|ENST00000379458.8|protein_coding|2/12|c.1013C>T|p.Thr338Ile|1083/11226|1013/9972|338/3323||
chr7,100952803,A,G,MODERATE,missense_variant,MUC3A,G|missense_variant|MODERATE|MUC3A|ENSG00000169894|transcript|ENST00000379458.8|protein_coding|2/12|c.1024A>G|p.Ser342Gly|1094/11226|1024/9972|342/3323||
chr7,100952822,C,T,MODERATE,missense_variant,MUC3A,T|missense_variant|MODERATE|MUC3A|ENSG00000169894|transcript|ENST00000379458.8|protein_coding|2/12|c.1043C>T|p.Thr348Ile|1113/11226|1043/9972|348/3323||
chr7,100952827,A,G,MODERATE,missense_variant,MUC3A,G|missense_variant|MODERATE|MUC3A|ENSG00000169894|transcript|ENST00000379458.8|protein_coding|2/12|c.1048A>G|p.Lys350Glu|1118/11226|1048/9972|350/3323||
chr7,100953388,T,C,MODERATE,missense_variant,MUC3A,C|missense_variant|MODERATE|MUC3A|ENSG00000169894|transcript|ENST00000379458.8|protein_coding|2/12|c.1609T>C|p.Ser537Pro|1679/11226|1609/9972|537/3323||
chr7,100953410,C,A,MODERATE,missense_variant,MUC3A,A|missense_variant|MODERATE|MUC3A|ENSG00000169894|transcript|ENST00000379458.8|protein_coding|2/12|c.1631C>A|p.Ala544Asp|1701/11226|1631/9972|544/3323||
chr7,100953452,G,T,MODERATE,missense_variant,MUC3A,T|missense_variant|MODERATE|MUC3A|ENSG00000169894|transcript|ENST00000379458.8|protein_coding|2/12|c.1673G>T|p.Ser558Ile|1743/11226|1673/9972|558/3323||
chr7,100953482,C,A,MODERATE,missense_variant,MUC3A,A|missense_variant|MODERATE|MUC3A|ENSG00000169894|transcript|ENST00000379458.8|protein_coding|2/12|c.1703C>A|p.Ser568Tyr|1773/11226|1703/9972|568/3323||
chr7,100953551,C,T,MODERATE,missense_variant,MUC3A,T|missense_variant|MODERATE|MUC3A|ENSG00000169894|transcript|ENST00000379458.8|protein_coding|2/12|c.1772C>T|p.Ala591Val|1842/11226|1772/9972|591/3323||
chr7,100953560,C,G,MODERATE,missense_variant,MUC3A,G|missense_variant|MODERATE|MUC3A|ENSG00000169894|transcript|ENST00000379458.8|protein_coding|2/12|c.1781C>G|p.Thr594Arg|1851/11226|1781/9972|594/3323||
chr7,100953620,C,T,MODERATE,missense_variant,MUC3A,T|missense_variant|MODERATE|MUC3A|ENSG00000169894|transcript|ENST00000379458.8|protein_coding|2/12|c.1841C>T|p.Pro614Leu|1911/11226|1841/9972|614/3323||
chr7,100953697,T,C,MODERATE,missense_variant,MUC3A,C|missense_variant|MODERATE|MUC3A|ENSG00000169894|transcript|ENST00000379458.8|protein_coding|2/12|c.1918T>C|p.Ser640Pro|1988/11226|1918/9972|640/3323||
chr7,100953889,A,G,MODERATE,missense_variant,MUC3A,G|missense_variant|MODERATE|MUC3A|ENSG00000169894|transcript|ENST00000379458.8|protein_coding|2/12|c.2110A>G|p.Met704Val|2180/11226|2110/9972|704/3323||
chr7,100953952,G,A,MODERATE,missense_variant,MUC3A,A|missense_variant|MODERATE|MUC3A|ENSG00000169894|transcript|ENST00000379458.8|protein_coding|2/12|c.2173G>A|p.Glu725Lys|2243/11226|2173/9972|725/3323||
chr7,100953968,C,T,MODERATE,missense_variant,MUC3A,T|missense_variant|MODERATE|MUC3A|ENSG00000169894|transcript|ENST00000379458.8|protein_coding|2/12|c.2189C>T|p.Thr730Ile|2259/11226|2189/9972|730/3323||
chr7,100953992,C,A,MODERATE,missense_variant,MUC3A,A|missense_variant|MODERATE|MUC3A|ENSG00000169894|transcript|ENST00000379458.8|protein_coding|2/12|c.2213C>A|p.Thr738Asn|2283/11226|2213/9972|738/3323||
chr7,100954010,C,T,MODERATE,missense_variant,MUC3A,T|missense_variant|MODERATE|MUC3A|ENSG00000169894|transcript|ENST00000379458.8|protein_coding|2/12|c.2231C>T|p.Pro744Leu|2301/11226|2231/9972|744/3323||
chr7,100954013,C,T,MODERATE,missense_variant,MUC3A,T|missense_variant|MODERATE|MUC3A|ENSG00000169894|transcript|ENST00000379458.8|protein_coding|2/12|c.2234C>T|p.Thr745Ile|2304/11226|2234/9972|745/3323||
chr7,100954022,T,C,MODERATE,missense_variant,MUC3A,C|missense_variant|MODERATE|MUC3A|ENSG00000169894|transcript|ENST00000379458.8|protein_coding|2/12|c.2243T>C|p.Leu748Ser|2313/11226|2243/9972|748/3323||
chr7,100954036,A,G,MODERATE,missense_variant,MUC3A,G|missense_variant|MODERATE|MUC3A|ENSG00000169894|transcript|ENST00000379458.8|protein_coding|2/12|c.2257A>G|p.Lys753Glu|2327/11226|2257/9972|753/3323||
chr7,100954123,G,A,MODERATE,missense_variant,MUC3A,A|missense_variant|MODERATE|MUC3A|ENSG00000169894|transcript|ENST00000379458.8|protein_coding|2/12|c.2344G>A|p.Val782Ile|2414/11226|2344/9972|782/3323||
chr7,100955257,T,C,MODERATE,missense_variant,MUC3A,C|missense_variant|MODERATE|MUC3A|ENSG00000169894|transcript|ENST00000379458.8|protein_coding|2/12|c.3478T>C|p.Tyr1160His|3548/11226|3478/9972|1160/3323||
chr7,100955414,G,C,MODERATE,missense_variant,MUC3A,C|missense_variant|MODERATE|MUC3A|ENSG00000169894|transcript|ENST00000379458.8|protein_coding|2/12|c.3635G>C|p.Gly1212Ala|3705/11226|3635/9972|1212/3323||
chr7,100955431,A,T,MODERATE,missense_variant,MUC3A,T|missense_variant|MODERATE|MUC3A|ENSG00000169894|transcript|ENST00000379458.8|protein_coding|2/12|c.3652A>T|p.Thr1218Ser|3722/11226|3652/9972|1218/3323||
chr7,100955435,A,G,MODERATE,missense_variant,MUC3A,G|missense_variant|MODERATE|MUC3A|ENSG00000169894|transcript|ENST00000379458.8|protein_coding|2/12|c.3656A>G|p.Asp1219Gly|3726/11226|3656/9972|1219/3323||
chr7,100956022,C,T,MODERATE,missense_variant,MUC3A,T|missense_variant|MODERATE|MUC3A|ENSG00000169894|transcript|ENST00000379458.8|protein_coding|2/12|c.4243C>T|p.Pro1415Ser|4313/11226|4243/9972|1415/3323||
chr7,100956277,T,C,MODERATE,missense_variant,MUC3A,C|missense_variant|MODERATE|MUC3A|ENSG00000169894|transcript|ENST00000379458.8|protein_coding|2/12|c.4498T>C|p.Ser1500Pro|4568/11226|4498/9972|1500/3323||
chr7,100956292,G,A,MODERATE,missense_variant,MUC3A,A|missense_variant|MODERATE|MUC3A|ENSG00000169894|transcript|ENST00000379458.8|protein_coding|2/12|c.4513G>A|p.Ala1505Thr|4583/11226|4513/9972|1505/3323||
chr7,100957702,C,T,MODERATE,missense_variant,MUC3A,T|missense_variant|MODERATE|MUC3A|ENSG00000169894|transcript|ENST00000379458.8|protein_coding|2/12|c.5923C>T|p.Leu1975Phe|5993/11226|5923/9972|1975/3323||
chr7,100957754,A,T,MODERATE,missense_variant,MUC3A,T|missense_variant|MODERATE|MUC3A|ENSG00000169894|transcript|ENST00000379458.8|protein_coding|2/12|c.5975A>T|p.Tyr1992Phe|6045/11226|5975/9972|1992/3323||
chr7,100957844,A,G,MODERATE,missense_variant,MUC3A,G|missense_variant|MODERATE|MUC3A|ENSG00000169894|transcript|ENST00000379458.8|protein_coding|2/12|c.6065A>G|p.Asn2022Ser|6135/11226|6065/9972|2022/3323||
chr7,100957982,T,C,MODERATE,missense_variant,MUC3A,C|missense_variant|MODERATE|MUC3A|ENSG00000169894|transcript|ENST00000379458.8|protein_coding|2/12|c.6203T>C|p.Ile2068Thr|6273/11226|6203/9972|2068/3323||
chr7,100958000,T,C,MODERATE,missense_variant,MUC3A,C|missense_variant|MODERATE|MUC3A|ENSG00000169894|transcript|ENST00000379458.8|protein_coding|2/12|c.6221T>C|p.Leu2074Pro|6291/11226|6221/9972|2074/3323||
chr7,100958051,T,C,MODERATE,missense_variant,MUC3A,C|missense_variant|MODERATE|MUC3A|ENSG00000169894|transcript|ENST00000379458.8|protein_coding|2/12|c.6272T>C|p.Leu2091Pro|6342/11226|6272/9972|2091/3323||
chr7,100958128,T,A,MODERATE,missense_variant,MUC3A,A|missense_variant|MODERATE|MUC3A|ENSG00000169894|transcript|ENST00000379458.8|protein_coding|2/12|c.6349T>A|p.Ser2117Thr|6419/11226|6349/9972|2117/3323||
chr7,100958135,T,C,MODERATE,missense_variant,MUC3A,C|missense_variant|MODERATE|MUC3A|ENSG00000169894|transcript|ENST00000379458.8|protein_coding|2/12|c.6356T>C|p.Met2119Thr|6426/11226|6356/9972|2119/3323||
chr7,100958136,G,C,MODERATE,missense_variant,MUC3A,C|missense_variant|MODERATE|MUC3A|ENSG00000169894|transcript|ENST00000379458.8|protein_coding|2/12|c.6357G>C|p.Met2119Ile|6427/11226|6357/9972|2119/3323||
chr7,100958186,A,C,MODERATE,missense_variant,MUC3A,C|missense_variant|MODERATE|MUC3A|ENSG00000169894|transcript|ENST00000379458.8|protein_coding|2/12|c.6407A>C|p.Asn2136Thr|6477/11226|6407/9972|2136/3323||
chr7,100958188,G,A,MODERATE,missense_variant,MUC3A,A|missense_variant|MODERATE|MUC3A|ENSG00000169894|transcript|ENST00000379458.8|protein_coding|2/12|c.6409G>A|p.Ala2137Thr|6479/11226|6409/9972|2137/3323||
chr7,100958191,A,T,MODERATE,missense_variant,MUC3A,T|missense_variant|MODERATE|MUC3A|ENSG00000169894|transcript|ENST00000379458.8|protein_coding|2/12|c.6412A>T|p.Thr2138Ser|6482/11226|6412/9972|2138/3323||
chr7,100958207,A,G,MODERATE,missense_variant,MUC3A,G|missense_variant|MODERATE|MUC3A|ENSG00000169894|transcript|ENST00000379458.8|protein_coding|2/12|c.6428A>G|p.Asn2143Ser|6498/11226|6428/9972|2143/3323||
chr7,100958396,T,C,MODERATE,missense_variant,MUC3A,C|missense_variant|MODERATE|MUC3A|ENSG00000169894|transcript|ENST00000379458.8|protein_coding|2/12|c.6617T>C|p.Ile2206Thr|6687/11226|6617/9972|2206/3323||
chr7,100958447,G,C,MODERATE,missense_variant,MUC3A,C|missense_variant|MODERATE|MUC3A|ENSG00000169894|transcript|ENST00000379458.8|protein_coding|2/12|c.6668G>C|p.Ser2223Thr|6738/11226|6668/9972|2223/3323||
chr7,100958453,C,T,MODERATE,missense_variant,MUC3A,T|missense_variant|MODERATE|MUC3A|ENSG00000169894|transcript|ENST00000379458.8|protein_coding|2/12|c.6674C>T|p.Ser2225Leu|6744/11226|6674/9972|2225/3323||
chr7,100958491,G,A,MODERATE,missense_variant,MUC3A,A|missense_variant|MODERATE|MUC3A|ENSG00000169894|transcript|ENST00000379458.8|protein_coding|2/12|c.6712G>A|p.Gly2238Ser|6782/11226|6712/9972|2238/3323||
chr7,100958510,C,G,MODERATE,missense_variant,MUC3A,G|missense_variant|MODERATE|MUC3A|ENSG00000169894|transcript|ENST00000379458.8|protein_coding|2/12|c.6731C>G|p.Thr2244Ser|6801/11226|6731/9972|2244/3323||
chr7,100958584,G,A,MODERATE,missense_variant,MUC3A,A|missense_variant|MODERATE|MUC3A|ENSG00000169894|transcript|ENST00000379458.8|protein_coding|2/12|c.6805G>A|p.Asp2269Asn|6875/11226|6805/9972|2269/3323||
chr7,100958585,A,G,MODERATE,missense_variant,MUC3A,G|missense_variant|MODERATE|MUC3A|ENSG00000169894|transcript|ENST00000379458.8|protein_coding|2/12|c.6806A>G|p.Asp2269Gly|6876/11226|6806/9972|2269/3323||
chr7,100958618,G,C,MODERATE,missense_variant,MUC3A,C|missense_variant|MODERATE|MUC3A|ENSG00000169894|transcript|ENST00000379458.8|protein_coding|2/12|c.6839G>C|p.Ser2280Thr|6909/11226|6839/9972|2280/3323||
chr7,100958626,C,A,MODERATE,missense_variant,MUC3A,A|missense_variant|MODERATE|MUC3A|ENSG00000169894|transcript|ENST00000379458.8|protein_coding|2/12|c.6847C>A|p.Pro2283Thr|6917/11226|6847/9972|2283/3323||
chr7,100958648,C,T,MODERATE,missense_variant,MUC3A,T|missense_variant|MODERATE|MUC3A|ENSG00000169894|transcript|ENST00000379458.8|protein_coding|2/12|c.6869C>T|p.Ser2290Phe|6939/11226|6869/9972|2290/3323||
chr7,100958657,T,C,MODERATE,missense_variant,MUC3A,C|missense_variant|MODERATE|MUC3A|ENSG00000169894|transcript|ENST00000379458.8|protein_coding|2/12|c.6878T>C|p.Leu2293Ser|6948/11226|6878/9972|2293/3323||
chr7,100958671,A,G,MODERATE,missense_variant,MUC3A,G|missense_variant|MODERATE|MUC3A|ENSG00000169894|transcript|ENST00000379458.8|protein_coding|2/12|c.6892A>G|p.Lys2298Glu|6962/11226|6892/9972|2298/3323||
chr7,100958740,G,A,MODERATE,missense_variant,MUC3A,A|missense_variant|MODERATE|MUC3A|ENSG00000169894|transcript|ENST00000379458.8|protein_coding|2/12|c.6961G>A|p.Ala2321Thr|7031/11226|6961/9972|2321/3323||
chr7,100958744,A,C,MODERATE,missense_variant,MUC3A,C|missense_variant|MODERATE|MUC3A|ENSG00000169894|transcript|ENST00000379458.8|protein_coding|2/12|c.6965A>C|p.His2322Pro|7035/11226|6965/9972|2322/3323||
chr7,100958759,C,T,MODERATE,missense_variant,MUC3A,T|missense_variant|MODERATE|MUC3A|ENSG00000169894|transcript|ENST00000379458.8|protein_coding|2/12|c.6980C>T|p.Ser2327Leu|7050/11226|6980/9972|2327/3323||
chr7,100958789,A,G,MODERATE,missense_variant,MUC3A,G|missense_variant|MODERATE|MUC3A|ENSG00000169894|transcript|ENST00000379458.8|protein_coding|2/12|c.7010A>G|p.Asn2337Ser|7080/11226|7010/9972|2337/3323||
chr7,100958795,G,C,MODERATE,missense_variant,MUC3A,C|missense_variant|MODERATE|MUC3A|ENSG00000169894|transcript|ENST00000379458.8|protein_coding|2/12|c.7016G>C|p.Arg2339Pro|7086/11226|7016/9972|2339/3323||
chr7,100958831,A,C,MODERATE,missense_variant,MUC3A,C|missense_variant|MODERATE|MUC3A|ENSG00000169894|transcript|ENST00000379458.8|protein_coding|2/12|c.7052A>C|p.Asn2351Thr|7122/11226|7052/9972|2351/3323||
chr7,100958845,A,C,MODERATE,missense_variant,MUC3A,C|missense_variant|MODERATE|MUC3A|ENSG00000169894|transcript|ENST00000379458.8|protein_coding|2/12|c.7066A>C|p.Thr2356Pro|7136/11226|7066/9972|2356/3323||
chr7,100958906,G,C,MODERATE,missense_variant,MUC3A,C|missense_variant|MODERATE|MUC3A|ENSG00000169894|transcript|ENST00000379458.8|protein_coding|2/12|c.7127G>C|p.Ser2376Thr|7197/11226|7127/9972|2376/3323||
chr7,101000551,C,G,MODERATE,missense_variant,MUC12,G|missense_variant|MODERATE|MUC12|ENSG00000205277|transcript|ENST00000379442.7|protein_coding|5/15|c.10417C>G|p.His3473Asp|10417/16737|10417/16437|3473/5478||
chr7,108178406,T,C,HIGH,splice_acceptor_variant&intron_variant,NRCAM,C|splice_acceptor_variant&intron_variant|HIGH|NRCAM|ENSG00000091129|transcript|ENST00000613830.4|protein_coding|21/21|c.2296-1A>G||||||
chr7,121329715,G,A,MODERATE,missense_variant,WNT16,A|missense_variant|MODERATE|WNT16|ENSG00000002745|transcript|ENST00000222462.2|protein_coding|2/4|c.244G>A|p.Gly82Arg|534/3147|244/1098|82/365||
chr7,144363709,C,T,MODERATE,missense_variant,ARHGEF5,T|missense_variant|MODERATE|ARHGEF5|ENSG00000050327|transcript|ENST00000056217.9|protein_coding|2/15|c.1040C>T|p.Thr347Ile|1214/5544|1040/4794|347/1597||
chr7,159144665,G,C,MODERATE,missense_variant,VIPR2,C|missense_variant|MODERATE|VIPR2|ENSG00000106018|transcript|ENST00000402066.5|protein_coding|1/13|c.107C>G|p.Pro36Arg|195/1926|107/1740|36/579||
chr8,58605975,C,T,MODERATE,missense_variant,NSMAF,T|missense_variant|MODERATE|NSMAF|ENSG00000035681|transcript|ENST00000038176.7|protein_coding|12/31|c.820G>A|p.Glu274Lys|1033/3569|820/2754|274/917||
chr9,14889,A,G,MODERATE,missense_variant,WASH1,G|missense_variant|MODERATE|WASH1|ENSG00000181404|transcript|ENST00000442898.4|protein_coding|11/11|c.1316T>C|p.Val439Ala|1459/1827|1316/1398|439/465||
chrX,153073517,G,A,MODERATE,missense_variant,PNMA6A,A|missense_variant|MODERATE|PNMA6A|ENSG00000235961|transcript|ENST00000421798.4|protein_coding|2/2|c.455G>A|p.Cys152Tyr|708/2209|455/1200|152/399||
chr6,44287722,G,A,MODERATE,missense_variant,TCTE1,A|missense_variant|MODERATE|TCTE1|ENSG00000146221|transcript|ENST00000371505.4|protein_coding|2/5|c.104C>T|p.Pro35Leu|227/3067|104/1506|35/501||
chr7,100957982,T,C,MODERATE,missense_variant,MUC3A,C|missense_variant|MODERATE|MUC3A|ENSG00000169894|transcript|ENST00000379458.8|protein_coding|2/12|c.6203T>C|p.Ile2068Thr|6273/11226|6203/9972|2068/3323||
chr7,100958051,T,C,MODERATE,missense_variant,MUC3A,C|missense_variant|MODERATE|MUC3A|ENSG00000169894|transcript|ENST00000379458.8|protein_coding|2/12|c.6272T>C|p.Leu2091Pro|6342/11226|6272/9972|2091/3323||
chr7,100958281,A,T,MODERATE,missense_variant,MUC3A,T|missense_variant|MODERATE|MUC3A|ENSG00000169894|transcript|ENST00000379458.8|protein_coding|2/12|c.6502A>T|p.Thr2168Ser|6572/11226|6502/9972|2168/3323||
chr7,100958447,G,C,MODERATE,missense_variant,MUC3A,C|missense_variant|MODERATE|MUC3A|ENSG00000169894|transcript|ENST00000379458.8|protein_coding|2/12|c.6668G>C|p.Ser2223Thr|6738/11226|6668/9972|2223/3323||
chr7,100958555,C,T,MODERATE,missense_variant,MUC3A,T|missense_variant|MODERATE|MUC3A|ENSG00000169894|transcript|ENST00000379458.8|protein_coding|2/12|c.6776C>T|p.Ser2259Leu|6846/11226|6776/9972|2259/3323||
chr7,116724769,CA,C,HIGH,splice_acceptor_variant&intron_variant,MET,C|splice_acceptor_variant&intron_variant|HIGH|MET|ENSG00000105976|transcript|ENST00000495962.1|processed_transcript|1/5|n.105-2delA||||||
chr7,152273771,T,A,MODERATE,missense_variant,KMT2C,A|missense_variant|MODERATE|KMT2C|ENSG00000055609|transcript|ENST00000262189.10|protein_coding|7/59|c.946A>T|p.Thr316Ser|1165/16862|946/14736|316/4911||
chr10,100509328,C,A,MODERATE,missense_variant,SEC31B,A|missense_variant|MODERATE|SEC31B|ENSG00000075826|transcript|ENST00000370345.7|protein_coding|4/26|c.387G>T|p.Leu129Phe|485/4612|387/3540|129/1179||
chr14,77674012,T,A,MODERATE,missense_variant,ALKBH1,A|missense_variant|MODERATE|ALKBH1|ENSG00000100601|transcript|ENST00000216489.7|protein_coding|6/6|c.970A>T|p.Met324Leu|986/2594|970/1170|324/389||
chr21,10649583,T,C,MODERATE,missense_variant,IGHV1OR21-1,C|missense_variant|MODERATE|IGHV1OR21-1|ENSG00000277282|transcript|ENST00000622028.1|IG_V_gene|2/2|c.170A>G|p.His57Arg|170/353|170/353|57/116||WARNING_TRANSCRIPT_INCOMPLETE
chr21,10649604,C,T,MODERATE,missense_variant,IGHV1OR21-1,T|missense_variant|MODERATE|IGHV1OR21-1|ENSG00000277282|transcript|ENST00000622028.1|IG_V_gene|2/2|c.149G>A|p.Ser50Asn|149/353|149/353|50/116||WARNING_TRANSCRIPT_INCOMPLETE
chr22,11068089,A,C,HIGH,stop_lost&splice_region_variant,BAGE5,C|stop_lost&splice_region_variant|HIGH|BAGE5|ENSG00000279973|transcript|ENST00000624155.1|protein_coding|2/2|c.120A>C|p.Ter40Cysext*?|120/120|120/120|40/39||
chr1,152308696,T,G,MODERATE,missense_variant,FLG,G|missense_variant|MODERATE|FLG|ENSG00000143631|transcript|ENST00000368799.1|protein_coding|3/3|c.6190A>C|p.Lys2064Gln|6226/12747|6190/12186|2064/4061||
chr1,152309003,G,T,MODERATE,missense_variant,FLG,T|missense_variant|MODERATE|FLG|ENSG00000143631|transcript|ENST00000368799.1|protein_coding|3/3|c.5883C>A|p.His1961Gln|5919/12747|5883/12186|1961/4061||
chr10,46550040,C,A,MODERATE,missense_variant,GPRIN2,A|missense_variant|MODERATE|GPRIN2|ENSG00000204175|transcript|ENST00000374317.1|protein_coding|3/3|c.697G>T|p.Ala233Ser|970/1966|697/1377|233/458||
chr11,85664743,TCTC,T,MODERATE,conservative_inframe_deletion,CREBZF,T|conservative_inframe_deletion|MODERATE|CREBZF|ENSG00000137504|transcript|ENST00000527447.1|protein_coding|1/1|c.130_132delGAG|p.Glu44del|359/4037|130/1065|44/354||
chr13,18176171,C,T,HIGH,splice_acceptor_variant&intron_variant,RP11-341D18.2,T|splice_acceptor_variant&intron_variant|HIGH|RP11-341D18.2|ENSG00000279924|transcript|ENST00000623078.1|unprocessed_pseudogene|1/3|n.912-1G>A||||||
chr13,39655754,G,A,MODERATE,missense_variant,COG6,A|missense_variant|MODERATE|COG6|ENSG00000133103|transcript|ENST00000455146.7|protein_coding|1/19|c.28G>A|p.Ala10Thr|78/3563|28/1974|10/657||
chr16,74391650,A,G,MODERATE,missense_variant,NPIPB15,G|missense_variant|MODERATE|NPIPB15|ENSG00000196436|transcript|ENST00000429990.1|protein_coding|7/7|c.902A>G|p.Tyr301Cys|998/1428|902/1332|301/443||
chr17,21295725,G,A,MODERATE,missense_variant,MAP2K3,A|missense_variant|MODERATE|MAP2K3|ENSG00000034152|transcript|ENST00000627447.1|protein_coding|2/2|c.100G>A|p.Val34Met|310/351|100/141|34/46||
chr2,95938843,A,G,MODERATE,missense_variant,ANKRD36C,G|missense_variant|MODERATE|ANKRD36C|ENSG00000174501|transcript|ENST00000456556.5|protein_coding|22/67|c.1619T>C|p.Leu540Pro|1704/5428|1619/5337|540/1778||
chr2,95938884,A,T,MODERATE,missense_variant,ANKRD36C,T|missense_variant|MODERATE|ANKRD36C|ENSG00000174501|transcript|ENST00000456556.5|protein_coding|22/67|c.1578T>A|p.Ser526Arg|1663/5428|1578/5337|526/1778||
chr2,95945173,T,G,MODERATE,missense_variant&splice_region_variant,ANKRD36C,G|missense_variant&splice_region_variant|MODERATE|ANKRD36C|ENSG00000174501|transcript|ENST00000456556.5|protein_coding|18/67|c.1364A>C|p.Asn455Thr|1449/5428|1364/5337|455/1778||
chr2,95950756,C,A,MODERATE,missense_variant,ANKRD36C,A|missense_variant|MODERATE|ANKRD36C|ENSG00000174501|transcript|ENST00000456556.5|protein_coding|16/67|c.1288G>T|p.Val430Phe|1373/5428|1288/5337|430/1778||
chr2,95950758,G,C,MODERATE,missense_variant,ANKRD36C,C|missense_variant|MODERATE|ANKRD36C|ENSG00000174501|transcript|ENST00000456556.5|protein_coding|16/67|c.1286C>G|p.Ala429Gly|1371/5428|1286/5337|429/1778||
chr2,95950759,C,A,MODERATE,missense_variant,ANKRD36C,A|missense_variant|MODERATE|ANKRD36C|ENSG00000174501|transcript|ENST00000456556.5|protein_coding|16/67|c.1285G>T|p.Ala429Ser|1370/5428|1285/5337|429/1778||
chr2,95950779,A,C,MODERATE,missense_variant&splice_region_variant,ANKRD36C,C|missense_variant&splice_region_variant|MODERATE|ANKRD36C|ENSG00000174501|transcript|ENST00000456556.5|protein_coding|16/67|c.1265T>G|p.Val422Gly|1350/5428|1265/5337|422/1778||
chr2,95951384,T,C,MODERATE,missense_variant,ANKRD36C,C|missense_variant|MODERATE|ANKRD36C|ENSG00000174501|transcript|ENST00000456556.5|protein_coding|15/67|c.1228A>G|p.Lys410Glu|1313/5428|1228/5337|410/1778||
chr2,97167729,C,T,MODERATE,missense_variant,ANKRD36,T|missense_variant|MODERATE|ANKRD36|ENSG00000135976|transcript|ENST00000420699.6|protein_coding|22/76|c.1595C>T|p.Ala532Val|1839/6269|1595/5826|532/1941||
chr20,29092559,T,G,HIGH,splice_donor_variant&intron_variant,FRG1DP,G|splice_donor_variant&intron_variant|HIGH|FRG1DP|ENSG00000282870|transcript|ENST00000635586.1|unprocessed_pseudogene|4/8|n.311+2T>G||||||
chr21,10602110,T,C,MODERATE,missense_variant,TPTE,C|missense_variant|MODERATE|TPTE|ENSG00000274391|transcript|ENST00000618007.4|protein_coding|22/24|c.1409T>C|p.Leu470Pro|1739/2150|1409/1656|470/551||
chr21,10605542,G,A,MODERATE,missense_variant,TPTE,A|missense_variant|MODERATE|TPTE|ENSG00000274391|transcript|ENST00000618007.4|protein_coding|24/24|c.1646G>A|p.Gly549Glu|1976/2150|1646/1656|549/551||
chr22,11065979,G,A,MODERATE,missense_variant,CU104787.1,A|missense_variant|MODERATE|CU104787.1|ENSG00000280363|transcript|ENST00000623473.1|protein_coding|2/2|c.49C>T|p.Arg17Trp|49/54|49/54|17/17||WARNING_TRANSCRIPT_NO_START_CODON
chr22,11065984,C,T,MODERATE,missense_variant,CU104787.1,T|missense_variant|MODERATE|CU104787.1|ENSG00000280363|transcript|ENST00000623473.1|protein_coding|2/2|c.44G>A|p.Arg15Gln|44/54|44/54|15/17||WARNING_TRANSCRIPT_NO_START_CODON
chr22,11065994,C,T,MODERATE,missense_variant,CU104787.1,T|missense_variant|MODERATE|CU104787.1|ENSG00000280363|transcript|ENST00000623473.1|protein_coding|2/2|c.34G>A|p.Glu12Lys|34/54|34/54|12/17||WARNING_TRANSCRIPT_NO_START_CODON
chr22,11068057,A,T,MODERATE,missense_variant,BAGE5,T|missense_variant|MODERATE|BAGE5|ENSG00000279973|transcript|ENST00000624155.1|protein_coding|2/2|c.88A>T|p.Arg30Trp|88/120|88/120|30/39||
chr3,75737302,C,T,MODERATE,missense_variant,ZNF717,T|missense_variant|MODERATE|ZNF717|ENSG00000227124|transcript|ENST00000478296.5|protein_coding|4/4|c.2171G>A|p.Ser724Asn|2448/3875|2171/2595|724/864||
chr5,177404825,C,G,MODERATE,missense_variant,F12,G|missense_variant|MODERATE|F12|ENSG00000131187|transcript|ENST00000253496.3|protein_coding|7/14|c.619G>C|p.Ala207Pro|668/2049|619/1848|207/615||
chr6,22569835,C,T,MODERATE,missense_variant,HDGFL1,T|missense_variant|MODERATE|HDGFL1|ENSG00000112273|transcript|ENST00000510882.3|protein_coding|1/1|c.260C>T|p.Thr87Met|343/2174|260/756|87/251||
chr6,36986143,AG,A,HIGH,frameshift_variant,MTCH1,A|frameshift_variant|HIGH|MTCH1|ENSG00000137409|transcript|ENST00000373616.9|protein_coding|1/12|c.30delC|p.Trp11fs|155/2006|30/1119|10/372||
chr7,100951865,T,C,MODERATE,missense_variant,MUC3A,C|missense_variant|MODERATE|MUC3A|ENSG00000169894|transcript|ENST00000379458.8|protein_coding|2/12|c.86T>C|p.Ile29Thr|156/11226|86/9972|29/3323||
chr7,100951872,A,T,MODERATE,missense_variant,MUC3A,T|missense_variant|MODERATE|MUC3A|ENSG00000169894|transcript|ENST00000379458.8|protein_coding|2/12|c.93A>T|p.Gln31His|163/11226|93/9972|31/3323||
chr7,100951876,C,A,MODERATE,missense_variant,MUC3A,A|missense_variant|MODERATE|MUC3A|ENSG00000169894|transcript|ENST00000379458.8|protein_coding|2/12|c.97C>A|p.Pro33Thr|167/11226|97/9972|33/3323||
chr7,100951897,G,A,MODERATE,missense_variant,MUC3A,A|missense_variant|MODERATE|MUC3A|ENSG00000169894|transcript|ENST00000379458.8|protein_coding|2/12|c.118G>A|p.Ala40Thr|188/11226|118/9972|40/3323||
chr7,100951900,A,C,MODERATE,missense_variant,MUC3A,C|missense_variant|MODERATE|MUC3A|ENSG00000169894|transcript|ENST00000379458.8|protein_coding|2/12|c.121A>C|p.Ser41Arg|191/11226|121/9972|41/3323||
chr7,100951903,G,A,MODERATE,missense_variant,MUC3A,A|missense_variant|MODERATE|MUC3A|ENSG00000169894|transcript|ENST00000379458.8|protein_coding|2/12|c.124G>A|p.Ala42Thr|194/11226|124/9972|42/3323||
chr7,100952063,C,T,MODERATE,missense_variant,MUC3A,T|missense_variant|MODERATE|MUC3A|ENSG00000169894|transcript|ENST00000379458.8|protein_coding|2/12|c.284C>T|p.Pro95Leu|354/11226|284/9972|95/3323||
chr7,100952756,G,C,MODERATE,missense_variant,MUC3A,C|missense_variant|MODERATE|MUC3A|ENSG00000169894|transcript|ENST00000379458.8|protein_coding|2/12|c.977G>C|p.Ser326Thr|1047/11226|977/9972|326/3323||
chr7,100952759,G,C,MODERATE,missense_variant,MUC3A,C|missense_variant|MODERATE|MUC3A|ENSG00000169894|transcript|ENST00000379458.8|protein_coding|2/12|c.980G>C|p.Arg327Thr|1050/11226|980/9972|327/3323||
chr7,100952788,A,C,MODERATE,missense_variant,MUC3A,C|missense_variant|MODERATE|MUC3A|ENSG00000169894|transcript|ENST00000379458.8|protein_coding|2/12|c.1009A>C|p.Thr337Pro|1079/11226|1009/9972|337/3323||
chr7,100952827,A,G,MODERATE,missense_variant,MUC3A,G|missense_variant|MODERATE|MUC3A|ENSG00000169894|transcript|ENST00000379458.8|protein_coding|2/12|c.1048A>G|p.Lys350Glu|1118/11226|1048/9972|350/3323||
chr7,100952831,T,C,MODERATE,missense_variant,MUC3A,C|missense_variant|MODERATE|MUC3A|ENSG00000169894|transcript|ENST00000379458.8|protein_coding|2/12|c.1052T>C|p.Ile351Thr|1122/11226|1052/9972|351/3323||
chr7,100952833,G,A,MODERATE,missense_variant,MUC3A,A|missense_variant|MODERATE|MUC3A|ENSG00000169894|transcript|ENST00000379458.8|protein_coding|2/12|c.1054G>A|p.Ala352Thr|1124/11226|1054/9972|352/3323||
chr7,100952850,G,A,MODERATE,missense_variant,MUC3A,A|missense_variant|MODERATE|MUC3A|ENSG00000169894|transcript|ENST00000379458.8|protein_coding|2/12|c.1071G>A|p.Met357Ile|1141/11226|1071/9972|357/3323||
chr7,100953001,T,C,MODERATE,missense_variant,MUC3A,C|missense_variant|MODERATE|MUC3A|ENSG00000169894|transcript|ENST00000379458.8|protein_coding|2/12|c.1222T>C|p.Tyr408His|1292/11226|1222/9972|408/3323||
chr7,100953040,C,G,MODERATE,missense_variant,MUC3A,G|missense_variant|MODERATE|MUC3A|ENSG00000169894|transcript|ENST00000379458.8|protein_coding|2/12|c.1261C>G|p.Leu421Val|1331/11226|1261/9972|421/3323||
chr7,100953058,A,C,MODERATE,missense_variant,MUC3A,C|missense_variant|MODERATE|MUC3A|ENSG00000169894|transcript|ENST00000379458.8|protein_coding|2/12|c.1279A>C|p.Thr427Pro|1349/11226|1279/9972|427/3323||
chr7,100953063,G,A,MODERATE,missense_variant,MUC3A,A|missense_variant|MODERATE|MUC3A|ENSG00000169894|transcript|ENST00000379458.8|protein_coding|2/12|c.1284G>A|p.Met428Ile|1354/11226|1284/9972|428/3323||
chr7,100953098,G,C,MODERATE,missense_variant,MUC3A,C|missense_variant|MODERATE|MUC3A|ENSG00000169894|transcript|ENST00000379458.8|protein_coding|2/12|c.1319G>C|p.Ser440Thr|1389/11226|1319/9972|440/3323||
chr7,100953100,A,G,MODERATE,missense_variant,MUC3A,G|missense_variant|MODERATE|MUC3A|ENSG00000169894|transcript|ENST00000379458.8|protein_coding|2/12|c.1321A>G|p.Thr441Ala|1391/11226|1321/9972|441/3323||
chr7,100953122,C,T,MODERATE,missense_variant,MUC3A,T|missense_variant|MODERATE|MUC3A|ENSG00000169894|transcript|ENST00000379458.8|protein_coding|2/12|c.1343C>T|p.Pro448Leu|1413/11226|1343/9972|448/3323||
chr7,100953138,C,G,MODERATE,missense_variant,MUC3A,G|missense_variant|MODERATE|MUC3A|ENSG00000169894|transcript|ENST00000379458.8|protein_coding|2/12|c.1359C>G|p.His453Gln|1429/11226|1359/9972|453/3323||
chr7,100953140,A,C,MODERATE,missense_variant,MUC3A,C|missense_variant|MODERATE|MUC3A|ENSG00000169894|transcript|ENST00000379458.8|protein_coding|2/12|c.1361A>C|p.His454Pro|1431/11226|1361/9972|454/3323||
chr7,100953305,A,G,MODERATE,missense_variant,MUC3A,G|missense_variant|MODERATE|MUC3A|ENSG00000169894|transcript|ENST00000379458.8|protein_coding|2/12|c.1526A>G|p.Asn509Ser|1596/11226|1526/9972|509/3323||
chr7,100953323,T,C,MODERATE,missense_variant,MUC3A,C|missense_variant|MODERATE|MUC3A|ENSG00000169894|transcript|ENST00000379458.8|protein_coding|2/12|c.1544T>C|p.Val515Ala|1614/11226|1544/9972|515/3323||
chr7,100953332,T,A,MODERATE,missense_variant,MUC3A,A|missense_variant|MODERATE|MUC3A|ENSG00000169894|transcript|ENST00000379458.8|protein_coding|2/12|c.1553T>A|p.Leu518His|1623/11226|1553/9972|518/3323||
chr7,100953395,T,C,MODERATE,missense_variant,MUC3A,C|missense_variant|MODERATE|MUC3A|ENSG00000169894|transcript|ENST00000379458.8|protein_coding|2/12|c.1616T>C|p.Met539Thr|1686/11226|1616/9972|539/3323||
chr7,100953410,C,A,MODERATE,missense_variant,MUC3A,A|missense_variant|MODERATE|MUC3A|ENSG00000169894|transcript|ENST00000379458.8|protein_coding|2/12|c.1631C>A|p.Ala544Asp|1701/11226|1631/9972|544/3323||
chr7,100953412,G,T,MODERATE,missense_variant,MUC3A,T|missense_variant|MODERATE|MUC3A|ENSG00000169894|transcript|ENST00000379458.8|protein_coding|2/12|c.1633G>T|p.Gly545Trp|1703/11226|1633/9972|545/3323||
chr7,100953421,C,G,MODERATE,missense_variant,MUC3A,G|missense_variant|MODERATE|MUC3A|ENSG00000169894|transcript|ENST00000379458.8|protein_coding|2/12|c.1642C>G|p.His548Asp|1712/11226|1642/9972|548/3323||
chr7,100953443,C,T,MODERATE,missense_variant,MUC3A,T|missense_variant|MODERATE|MUC3A|ENSG00000169894|transcript|ENST00000379458.8|protein_coding|2/12|c.1664C>T|p.Pro555Leu|1734/11226|1664/9972|555/3323||
chr7,100953452,G,T,MODERATE,missense_variant,MUC3A,T|missense_variant|MODERATE|MUC3A|ENSG00000169894|transcript|ENST00000379458.8|protein_coding|2/12|c.1673G>T|p.Ser558Ile|1743/11226|1673/9972|558/3323||
chr7,100953544,A,T,MODERATE,missense_variant,MUC3A,T|missense_variant|MODERATE|MUC3A|ENSG00000169894|transcript|ENST00000379458.8|protein_coding|2/12|c.1765A>T|p.Thr589Ser|1835/11226|1765/9972|589/3323||
chr7,100953551,C,T,MODERATE,missense_variant,MUC3A,T|missense_variant|MODERATE|MUC3A|ENSG00000169894|transcript|ENST00000379458.8|protein_coding|2/12|c.1772C>T|p.Ala591Val|1842/11226|1772/9972|591/3323||
chr7,100953620,C,T,MODERATE,missense_variant,MUC3A,T|missense_variant|MODERATE|MUC3A|ENSG00000169894|transcript|ENST00000379458.8|protein_coding|2/12|c.1841C>T|p.Pro614Leu|1911/11226|1841/9972|614/3323||
chr7,100953755,C,G,MODERATE,missense_variant,MUC3A,G|missense_variant|MODERATE|MUC3A|ENSG00000169894|transcript|ENST00000379458.8|protein_coding|2/12|c.1976C>G|p.Ser659Cys|2046/11226|1976/9972|659/3323||
chr7,100953770,C,G,MODERATE,missense_variant,MUC3A,G|missense_variant|MODERATE|MUC3A|ENSG00000169894|transcript|ENST00000379458.8|protein_coding|2/12|c.1991C>G|p.Thr664Ser|2061/11226|1991/9972|664/3323||
chr7,100953778,C,A,MODERATE,missense_variant,MUC3A,A|missense_variant|MODERATE|MUC3A|ENSG00000169894|transcript|ENST00000379458.8|protein_coding|2/12|c.1999C>A|p.Pro667Thr|2069/11226|1999/9972|667/3323||
chr7,100953952,G,A,MODERATE,missense_variant,MUC3A,A|missense_variant|MODERATE|MUC3A|ENSG00000169894|transcript|ENST00000379458.8|protein_coding|2/12|c.2173G>A|p.Glu725Lys|2243/11226|2173/9972|725/3323||
chr7,100953968,C,T,MODERATE,missense_variant,MUC3A,T|missense_variant|MODERATE|MUC3A|ENSG00000169894|transcript|ENST00000379458.8|protein_coding|2/12|c.2189C>T|p.Thr730Ile|2259/11226|2189/9972|730/3323||
chr7,100953992,C,A,MODERATE,missense_variant,MUC3A,A|missense_variant|MODERATE|MUC3A|ENSG00000169894|transcript|ENST00000379458.8|protein_coding|2/12|c.2213C>A|p.Thr738Asn|2283/11226|2213/9972|738/3323||
chr7,100954010,C,T,MODERATE,missense_variant,MUC3A,T|missense_variant|MODERATE|MUC3A|ENSG00000169894|transcript|ENST00000379458.8|protein_coding|2/12|c.2231C>T|p.Pro744Leu|2301/11226|2231/9972|744/3323||
chr7,100954013,C,T,MODERATE,missense_variant,MUC3A,T|missense_variant|MODERATE|MUC3A|ENSG00000169894|transcript|ENST00000379458.8|protein_coding|2/12|c.2234C>T|p.Thr745Ile|2304/11226|2234/9972|745/3323||
chr7,100954391,T,C,MODERATE,missense_variant,MUC3A,C|missense_variant|MODERATE|MUC3A|ENSG00000169894|transcript|ENST00000379458.8|protein_coding|2/12|c.2612T>C|p.Ile871Thr|2682/11226|2612/9972|871/3323||
chr7,100954435,G,A,MODERATE,missense_variant,MUC3A,A|missense_variant|MODERATE|MUC3A|ENSG00000169894|transcript|ENST00000379458.8|protein_coding|2/12|c.2656G>A|p.Gly886Arg|2726/11226|2656/9972|886/3323||
chr7,100955860,C,A,MODERATE,missense_variant,MUC3A,A|missense_variant|MODERATE|MUC3A|ENSG00000169894|transcript|ENST00000379458.8|protein_coding|2/12|c.4081C>A|p.Leu1361Ile|4151/11226|4081/9972|1361/3323||
chr7,100955861,T,C,MODERATE,missense_variant,MUC3A,C|missense_variant|MODERATE|MUC3A|ENSG00000169894|transcript|ENST00000379458.8|protein_coding|2/12|c.4082T>C|p.Leu1361Pro|4152/11226|4082/9972|1361/3323||
chr7,100955893,T,A,MODERATE,missense_variant,MUC3A,A|missense_variant|MODERATE|MUC3A|ENSG00000169894|transcript|ENST00000379458.8|protein_coding|2/12|c.4114T>A|p.Phe1372Ile|4184/11226|4114/9972|1372/3323||
chr7,100955899,A,G,MODERATE,missense_variant,MUC3A,G|missense_variant|MODERATE|MUC3A|ENSG00000169894|transcript|ENST00000379458.8|protein_coding|2/12|c.4120A>G|p.Thr1374Ala|4190/11226|4120/9972|1374/3323||
chr7,100955900,C,A,MODERATE,missense_variant,MUC3A,A|missense_variant|MODERATE|MUC3A|ENSG00000169894|transcript|ENST00000379458.8|protein_coding|2/12|c.4121C>A|p.Thr1374Lys|4191/11226|4121/9972|1374/3323||
chr7,100955905,T,A,MODERATE,missense_variant,MUC3A,A|missense_variant|MODERATE|MUC3A|ENSG00000169894|transcript|ENST00000379458.8|protein_coding|2/12|c.4126T>A|p.Ser1376Thr|4196/11226|4126/9972|1376/3323||
chr7,100957702,C,T,MODERATE,missense_variant,MUC3A,T|missense_variant|MODERATE|MUC3A|ENSG00000169894|transcript|ENST00000379458.8|protein_coding|2/12|c.5923C>T|p.Leu1975Phe|5993/11226|5923/9972|1975/3323||
chr7,100957982,T,C,MODERATE,missense_variant,MUC3A,C|missense_variant|MODERATE|MUC3A|ENSG00000169894|transcript|ENST00000379458.8|protein_coding|2/12|c.6203T>C|p.Ile2068Thr|6273/11226|6203/9972|2068/3323||
chr7,100958000,T,C,MODERATE,missense_variant,MUC3A,C|missense_variant|MODERATE|MUC3A|ENSG00000169894|transcript|ENST00000379458.8|protein_coding|2/12|c.6221T>C|p.Leu2074Pro|6291/11226|6221/9972|2074/3323||
chr7,100958051,T,C,MODERATE,missense_variant,MUC3A,C|missense_variant|MODERATE|MUC3A|ENSG00000169894|transcript|ENST00000379458.8|protein_coding|2/12|c.6272T>C|p.Leu2091Pro|6342/11226|6272/9972|2091/3323||
chr7,100958128,T,A,MODERATE,missense_variant,MUC3A,A|missense_variant|MODERATE|MUC3A|ENSG00000169894|transcript|ENST00000379458.8|protein_coding|2/12|c.6349T>A|p.Ser2117Thr|6419/11226|6349/9972|2117/3323||
chr7,100958135,T,C,MODERATE,missense_variant,MUC3A,C|missense_variant|MODERATE|MUC3A|ENSG00000169894|transcript|ENST00000379458.8|protein_coding|2/12|c.6356T>C|p.Met2119Thr|6426/11226|6356/9972|2119/3323||
chr7,100958136,G,C,MODERATE,missense_variant,MUC3A,C|missense_variant|MODERATE|MUC3A|ENSG00000169894|transcript|ENST00000379458.8|protein_coding|2/12|c.6357G>C|p.Met2119Ile|6427/11226|6357/9972|2119/3323||
chr7,100958186,A,C,MODERATE,missense_variant,MUC3A,C|missense_variant|MODERATE|MUC3A|ENSG00000169894|transcript|ENST00000379458.8|protein_coding|2/12|c.6407A>C|p.Asn2136Thr|6477/11226|6407/9972|2136/3323||
chr7,100958188,G,A,MODERATE,missense_variant,MUC3A,A|missense_variant|MODERATE|MUC3A|ENSG00000169894|transcript|ENST00000379458.8|protein_coding|2/12|c.6409G>A|p.Ala2137Thr|6479/11226|6409/9972|2137/3323||
chr7,100958191,A,T,MODERATE,missense_variant,MUC3A,T|missense_variant|MODERATE|MUC3A|ENSG00000169894|transcript|ENST00000379458.8|protein_coding|2/12|c.6412A>T|p.Thr2138Ser|6482/11226|6412/9972|2138/3323||
chr7,100958207,A,G,MODERATE,missense_variant,MUC3A,G|missense_variant|MODERATE|MUC3A|ENSG00000169894|transcript|ENST00000379458.8|protein_coding|2/12|c.6428A>G|p.Asn2143Ser|6498/11226|6428/9972|2143/3323||
chr7,100958396,T,C,MODERATE,missense_variant,MUC3A,C|missense_variant|MODERATE|MUC3A|ENSG00000169894|transcript|ENST00000379458.8|protein_coding|2/12|c.6617T>C|p.Ile2206Thr|6687/11226|6617/9972|2206/3323||
chr7,100958447,G,C,MODERATE,missense_variant,MUC3A,C|missense_variant|MODERATE|MUC3A|ENSG00000169894|transcript|ENST00000379458.8|protein_coding|2/12|c.6668G>C|p.Ser2223Thr|6738/11226|6668/9972|2223/3323||
chr7,100958491,G,A,MODERATE,missense_variant,MUC3A,A|missense_variant|MODERATE|MUC3A|ENSG00000169894|transcript|ENST00000379458.8|protein_coding|2/12|c.6712G>A|p.Gly2238Ser|6782/11226|6712/9972|2238/3323||
chr7,100958584,G,A,MODERATE,missense_variant,MUC3A,A|missense_variant|MODERATE|MUC3A|ENSG00000169894|transcript|ENST00000379458.8|protein_coding|2/12|c.6805G>A|p.Asp2269Asn|6875/11226|6805/9972|2269/3323||
chr7,100958585,A,G,MODERATE,missense_variant,MUC3A,G|missense_variant|MODERATE|MUC3A|ENSG00000169894|transcript|ENST00000379458.8|protein_coding|2/12|c.6806A>G|p.Asp2269Gly|6876/11226|6806/9972|2269/3323||
chr7,100958618,G,C,MODERATE,missense_variant,MUC3A,C|missense_variant|MODERATE|MUC3A|ENSG00000169894|transcript|ENST00000379458.8|protein_coding|2/12|c.6839G>C|p.Ser2280Thr|6909/11226|6839/9972|2280/3323||
chr7,100958626,C,A,MODERATE,missense_variant,MUC3A,A|missense_variant|MODERATE|MUC3A|ENSG00000169894|transcript|ENST00000379458.8|protein_coding|2/12|c.6847C>A|p.Pro2283Thr|6917/11226|6847/9972|2283/3323||
chr7,100958648,C,T,MODERATE,missense_variant,MUC3A,T|missense_variant|MODERATE|MUC3A|ENSG00000169894|transcript|ENST00000379458.8|protein_coding|2/12|c.6869C>T|p.Ser2290Phe|6939/11226|6869/9972|2290/3323||
chr7,100958657,T,C,MODERATE,missense_variant,MUC3A,C|missense_variant|MODERATE|MUC3A|ENSG00000169894|transcript|ENST00000379458.8|protein_coding|2/12|c.6878T>C|p.Leu2293Ser|6948/11226|6878/9972|2293/3323||
chr7,100958671,A,G,MODERATE,missense_variant,MUC3A,G|missense_variant|MODERATE|MUC3A|ENSG00000169894|transcript|ENST00000379458.8|protein_coding|2/12|c.6892A>G|p.Lys2298Glu|6962/11226|6892/9972|2298/3323||
chr7,100958740,G,A,MODERATE,missense_variant,MUC3A,A|missense_variant|MODERATE|MUC3A|ENSG00000169894|transcript|ENST00000379458.8|protein_coding|2/12|c.6961G>A|p.Ala2321Thr|7031/11226|6961/9972|2321/3323||
chr7,100958744,A,C,MODERATE,missense_variant,MUC3A,C|missense_variant|MODERATE|MUC3A|ENSG00000169894|transcript|ENST00000379458.8|protein_coding|2/12|c.6965A>C|p.His2322Pro|7035/11226|6965/9972|2322/3323||
chr7,100958789,A,G,MODERATE,missense_variant,MUC3A,G|missense_variant|MODERATE|MUC3A|ENSG00000169894|transcript|ENST00000379458.8|protein_coding|2/12|c.7010A>G|p.Asn2337Ser|7080/11226|7010/9972|2337/3323||
chr7,100958795,G,C,MODERATE,missense_variant,MUC3A,C|missense_variant|MODERATE|MUC3A|ENSG00000169894|transcript|ENST00000379458.8|protein_coding|2/12|c.7016G>C|p.Arg2339Pro|7086/11226|7016/9972|2339/3323||
chr7,100958831,A,C,MODERATE,missense_variant,MUC3A,C|missense_variant|MODERATE|MUC3A|ENSG00000169894|transcript|ENST00000379458.8|protein_coding|2/12|c.7052A>C|p.Asn2351Thr|7122/11226|7052/9972|2351/3323||
chr7,100958845,A,C,MODERATE,missense_variant,MUC3A,C|missense_variant|MODERATE|MUC3A|ENSG00000169894|transcript|ENST00000379458.8|protein_coding|2/12|c.7066A>C|p.Thr2356Pro|7136/11226|7066/9972|2356/3323||
chr7,100958906,G,C,MODERATE,missense_variant,MUC3A,C|missense_variant|MODERATE|MUC3A|ENSG00000169894|transcript|ENST00000379458.8|protein_coding|2/12|c.7127G>C|p.Ser2376Thr|7197/11226|7127/9972|2376/3323||
chr7,100959436,A,G,MODERATE,missense_variant,MUC3A,G|missense_variant|MODERATE|MUC3A|ENSG00000169894|transcript|ENST00000379458.8|protein_coding|2/12|c.7657A>G|p.Met2553Val|7727/11226|7657/9972|2553/3323||
chr7,100959437,T,C,MODERATE,missense_variant,MUC3A,C|missense_variant|MODERATE|MUC3A|ENSG00000169894|transcript|ENST00000379458.8|protein_coding|2/12|c.7658T>C|p.Met2553Thr|7728/11226|7658/9972|2553/3323||
chr7,100960306,T,A,MODERATE,missense_variant,MUC3A,A|missense_variant|MODERATE|MUC3A|ENSG00000169894|transcript|ENST00000379458.8|protein_coding|2/12|c.8527T>A|p.Ser2843Thr|8597/11226|8527/9972|2843/3323||
chr7,100960307,C,T,MODERATE,missense_variant,MUC3A,T|missense_variant|MODERATE|MUC3A|ENSG00000169894|transcript|ENST00000379458.8|protein_coding|2/12|c.8528C>T|p.Ser2843Leu|8598/11226|8528/9972|2843/3323||
chr7,100960406,G,A,MODERATE,missense_variant,MUC3A,A|missense_variant|MODERATE|MUC3A|ENSG00000169894|transcript|ENST00000379458.8|protein_coding|2/12|c.8627G>A|p.Ser2876Asn|8697/11226|8627/9972|2876/3323||
chr7,100960420,C,A,MODERATE,missense_variant,MUC3A,A|missense_variant|MODERATE|MUC3A|ENSG00000169894|transcript|ENST00000379458.8|protein_coding|2/12|c.8641C>A|p.Leu2881Ile|8711/11226|8641/9972|2881/3323||
chr7,100960421,T,C,MODERATE,missense_variant,MUC3A,C|missense_variant|MODERATE|MUC3A|ENSG00000169894|transcript|ENST00000379458.8|protein_coding|2/12|c.8642T>C|p.Leu2881Pro|8712/11226|8642/9972|2881/3323||
chr7,100960544,C,T,MODERATE,missense_variant,MUC3A,T|missense_variant|MODERATE|MUC3A|ENSG00000169894|transcript|ENST00000379458.8|protein_coding|2/12|c.8765C>T|p.Thr2922Ile|8835/11226|8765/9972|2922/3323||
chr7,100960546,C,T,MODERATE,missense_variant,MUC3A,T|missense_variant|MODERATE|MUC3A|ENSG00000169894|transcript|ENST00000379458.8|protein_coding|2/12|c.8767C>T|p.Pro2923Ser|8837/11226|8767/9972|2923/3323||
chr7,100960582,T,A,MODERATE,missense_variant,MUC3A,A|missense_variant|MODERATE|MUC3A|ENSG00000169894|transcript|ENST00000379458.8|protein_coding|2/12|c.8803T>A|p.Ser2935Thr|8873/11226|8803/9972|2935/3323||
chr7,100960598,G,C,MODERATE,missense_variant,MUC3A,C|missense_variant|MODERATE|MUC3A|ENSG00000169894|transcript|ENST00000379458.8|protein_coding|2/12|c.8819G>C|p.Arg2940Pro|8889/11226|8819/9972|2940/3323||
chr7,101034349,C,T,MODERATE,missense_variant,MUC17,T|missense_variant|MODERATE|MUC17|ENSG00000169876|transcript|ENST00000306151.8|protein_coding|3/13|c.2933C>T|p.Pro978Leu|2997/14247|2933/13482|978/4493||
chr7,101034663,T,C,MODERATE,missense_variant,MUC17,C|missense_variant|MODERATE|MUC17|ENSG00000169876|transcript|ENST00000306151.8|protein_coding|3/13|c.3247T>C|p.Ser1083Pro|3311/14247|3247/13482|1083/4493||
chr7,101035200,A,T,MODERATE,missense_variant,MUC17,T|missense_variant|MODERATE|MUC17|ENSG00000169876|transcript|ENST00000306151.8|protein_coding|3/13|c.3784A>T|p.Thr1262Ser|3848/14247|3784/13482|1262/4493||
chr7,101035973,A,G,MODERATE,missense_variant,MUC17,G|missense_variant|MODERATE|MUC17|ENSG00000169876|transcript|ENST00000306151.8|protein_coding|3/13|c.4557A>G|p.Ile1519Met|4621/14247|4557/13482|1519/4493||
chr7,101036035,T,A,MODERATE,missense_variant,MUC17,A|missense_variant|MODERATE|MUC17|ENSG00000169876|transcript|ENST00000306151.8|protein_coding|3/13|c.4619T>A|p.Val1540Asp|4683/14247|4619/13482|1540/4493||
chr7,131556270,GGGCGAC,G,MODERATE,disruptive_inframe_deletion,PODXL,G|disruptive_inframe_deletion|MODERATE|PODXL|ENSG00000128567|transcript|ENST00000378555.7|protein_coding|1/9|c.84_89delGTCGCC|p.Ser29_Pro30del|337/2105|84/1677|28/558||
chr7,156950102,A,C,MODERATE,missense_variant,NOM1,C|missense_variant|MODERATE|NOM1|ENSG00000146909|transcript|ENST00000275820.3|protein_coding|1/11|c.365A>C|p.His122Pro|380/6077|365/2583|122/860||
chr2,95950756,C,A,MODERATE,missense_variant,ANKRD36C,A|missense_variant|MODERATE|ANKRD36C|ENSG00000174501|transcript|ENST00000456556.5|protein_coding|16/67|c.1288G>T|p.Val430Phe|1373/5428|1288/5337|430/1778||
chr2,95950758,G,C,MODERATE,missense_variant,ANKRD36C,C|missense_variant|MODERATE|ANKRD36C|ENSG00000174501|transcript|ENST00000456556.5|protein_coding|16/67|c.1286C>G|p.Ala429Gly|1371/5428|1286/5337|429/1778||
chr2,95950759,C,A,MODERATE,missense_variant,ANKRD36C,A|missense_variant|MODERATE|ANKRD36C|ENSG00000174501|transcript|ENST00000456556.5|protein_coding|16/67|c.1285G>T|p.Ala429Ser|1370/5428|1285/5337|429/1778||
chr2,95950779,A,C,MODERATE,missense_variant&splice_region_variant,ANKRD36C,C|missense_variant&splice_region_variant|MODERATE|ANKRD36C|ENSG00000174501|transcript|ENST00000456556.5|protein_coding|16/67|c.1265T>G|p.Val422Gly|1350/5428|1265/5337|422/1778||
chr2,95951363,G,A,HIGH,stop_gained,ANKRD36C,A|stop_gained|HIGH|ANKRD36C|ENSG00000174501|transcript|ENST00000456556.5|protein_coding|15/67|c.1249C>T|p.Arg417*|1334/5428|1249/5337|417/1778||
chr2,95951365,G,A,MODERATE,missense_variant,ANKRD36C,A|missense_variant|MODERATE|ANKRD36C|ENSG00000174501|transcript|ENST00000456556.5|protein_coding|15/67|c.1247C>T|p.Pro416Leu|1332/5428|1247/5337|416/1778||
chr2,95951377,T,C,MODERATE,missense_variant,ANKRD36C,C|missense_variant|MODERATE|ANKRD36C|ENSG00000174501|transcript|ENST00000456556.5|protein_coding|15/67|c.1235A>G|p.Lys412Arg|1320/5428|1235/5337|412/1778||
chr2,95951384,T,C,MODERATE,missense_variant,ANKRD36C,C|missense_variant|MODERATE|ANKRD36C|ENSG00000174501|transcript|ENST00000456556.5|protein_coding|15/67|c.1228A>G|p.Lys410Glu|1313/5428|1228/5337|410/1778||
chr2,95951407,A,G,MODERATE,missense_variant&splice_region_variant,ANKRD36C,G|missense_variant&splice_region_variant|MODERATE|ANKRD36C|ENSG00000174501|transcript|ENST00000456556.5|protein_coding|15/67|c.1205T>C|p.Ile402Thr|1290/5428|1205/5337|402/1778||
chr21,10569534,C,T,MODERATE,missense_variant&splice_region_variant,TPTE,T|missense_variant&splice_region_variant|MODERATE|TPTE|ENSG00000274391|transcript|ENST00000618007.4|protein_coding|12/24|c.664C>T|p.Arg222Trp|994/2150|664/1656|222/551||
chr22,11065978,C,T,MODERATE,missense_variant,CU104787.1,T|missense_variant|MODERATE|CU104787.1|ENSG00000280363|transcript|ENST00000623473.1|protein_coding|2/2|c.50G>A|p.Arg17Gln|50/54|50/54|17/17||WARNING_TRANSCRIPT_NO_START_CODON
chr22,11068057,A,T,MODERATE,missense_variant,BAGE5,T|missense_variant|MODERATE|BAGE5|ENSG00000279973|transcript|ENST00000624155.1|protein_coding|2/2|c.88A>T|p.Arg30Trp|88/120|88/120|30/39||
chr4,106924637,C,T,MODERATE,missense_variant,DKK2,T|missense_variant|MODERATE|DKK2|ENSG00000155011|transcript|ENST00000285311.7|protein_coding|3/4|c.437G>A|p.Arg146Gln|1143/3638|437/780|146/259||
chr7,100955962,G,A,MODERATE,missense_variant,MUC3A,A|missense_variant|MODERATE|MUC3A|ENSG00000169894|transcript|ENST00000379458.8|protein_coding|2/12|c.4183G>A|p.Asp1395Asn|4253/11226|4183/9972|1395/3323||
chr7,100955968,A,G,MODERATE,missense_variant,MUC3A,G|missense_variant|MODERATE|MUC3A|ENSG00000169894|transcript|ENST00000379458.8|protein_coding|2/12|c.4189A>G|p.Met1397Val|4259/11226|4189/9972|1397/3323||
chr7,100955981,G,C,MODERATE,missense_variant,MUC3A,C|missense_variant|MODERATE|MUC3A|ENSG00000169894|transcript|ENST00000379458.8|protein_coding|2/12|c.4202G>C|p.Arg1401Thr|4272/11226|4202/9972|1401/3323||
chr7,100955987,C,T,MODERATE,missense_variant,MUC3A,T|missense_variant|MODERATE|MUC3A|ENSG00000169894|transcript|ENST00000379458.8|protein_coding|2/12|c.4208C>T|p.Thr1403Met|4278/11226|4208/9972|1403/3323||
chr7,100957691,A,G,MODERATE,missense_variant,MUC3A,G|missense_variant|MODERATE|MUC3A|ENSG00000169894|transcript|ENST00000379458.8|protein_coding|2/12|c.5912A>G|p.Asn1971Ser|5982/11226|5912/9972|1971/3323||
chr7,100957702,C,T,MODERATE,missense_variant,MUC3A,T|missense_variant|MODERATE|MUC3A|ENSG00000169894|transcript|ENST00000379458.8|protein_coding|2/12|c.5923C>T|p.Leu1975Phe|5993/11226|5923/9972|1975/3323||
chr7,100957754,A,T,MODERATE,missense_variant,MUC3A,T|missense_variant|MODERATE|MUC3A|ENSG00000169894|transcript|ENST00000379458.8|protein_coding|2/12|c.5975A>T|p.Tyr1992Phe|6045/11226|5975/9972|1992/3323||
chr7,100957844,A,G,MODERATE,missense_variant,MUC3A,G|missense_variant|MODERATE|MUC3A|ENSG00000169894|transcript|ENST00000379458.8|protein_coding|2/12|c.6065A>G|p.Asn2022Ser|6135/11226|6065/9972|2022/3323||
chr7,100958000,T,C,MODERATE,missense_variant,MUC3A,C|missense_variant|MODERATE|MUC3A|ENSG00000169894|transcript|ENST00000379458.8|protein_coding|2/12|c.6221T>C|p.Leu2074Pro|6291/11226|6221/9972|2074/3323||
chr7,100958051,T,C,MODERATE,missense_variant,MUC3A,C|missense_variant|MODERATE|MUC3A|ENSG00000169894|transcript|ENST00000379458.8|protein_coding|2/12|c.6272T>C|p.Leu2091Pro|6342/11226|6272/9972|2091/3323||
chr7,100958128,T,A,MODERATE,missense_variant,MUC3A,A|missense_variant|MODERATE|MUC3A|ENSG00000169894|transcript|ENST00000379458.8|protein_coding|2/12|c.6349T>A|p.Ser2117Thr|6419/11226|6349/9972|2117/3323||
chr7,100958135,T,C,MODERATE,missense_variant,MUC3A,C|missense_variant|MODERATE|MUC3A|ENSG00000169894|transcript|ENST00000379458.8|protein_coding|2/12|c.6356T>C|p.Met2119Thr|6426/11226|6356/9972|2119/3323||
chr7,100958136,G,C,MODERATE,missense_variant,MUC3A,C|missense_variant|MODERATE|MUC3A|ENSG00000169894|transcript|ENST00000379458.8|protein_coding|2/12|c.6357G>C|p.Met2119Ile|6427/11226|6357/9972|2119/3323||
chr7,100958186,A,C,MODERATE,missense_variant,MUC3A,C|missense_variant|MODERATE|MUC3A|ENSG00000169894|transcript|ENST00000379458.8|protein_coding|2/12|c.6407A>C|p.Asn2136Thr|6477/11226|6407/9972|2136/3323||
chr7,100958191,A,T,MODERATE,missense_variant,MUC3A,T|missense_variant|MODERATE|MUC3A|ENSG00000169894|transcript|ENST00000379458.8|protein_coding|2/12|c.6412A>T|p.Thr2138Ser|6482/11226|6412/9972|2138/3323||
chr7,100958207,A,G,MODERATE,missense_variant,MUC3A,G|missense_variant|MODERATE|MUC3A|ENSG00000169894|transcript|ENST00000379458.8|protein_coding|2/12|c.6428A>G|p.Asn2143Ser|6498/11226|6428/9972|2143/3323||
chr7,100958447,G,C,MODERATE,missense_variant,MUC3A,C|missense_variant|MODERATE|MUC3A|ENSG00000169894|transcript|ENST00000379458.8|protein_coding|2/12|c.6668G>C|p.Ser2223Thr|6738/11226|6668/9972|2223/3323||
chr7,100958491,G,A,MODERATE,missense_variant,MUC3A,A|missense_variant|MODERATE|MUC3A|ENSG00000169894|transcript|ENST00000379458.8|protein_coding|2/12|c.6712G>A|p.Gly2238Ser|6782/11226|6712/9972|2238/3323||
chr7,100958510,C,G,MODERATE,missense_variant,MUC3A,G|missense_variant|MODERATE|MUC3A|ENSG00000169894|transcript|ENST00000379458.8|protein_coding|2/12|c.6731C>G|p.Thr2244Ser|6801/11226|6731/9972|2244/3323||
chr7,100958555,C,T,MODERATE,missense_variant,MUC3A,T|missense_variant|MODERATE|MUC3A|ENSG00000169894|transcript|ENST00000379458.8|protein_coding|2/12|c.6776C>T|p.Ser2259Leu|6846/11226|6776/9972|2259/3323||
chr7,100958584,G,A,MODERATE,missense_variant,MUC3A,A|missense_variant|MODERATE|MUC3A|ENSG00000169894|transcript|ENST00000379458.8|protein_coding|2/12|c.6805G>A|p.Asp2269Asn|6875/11226|6805/9972|2269/3323||
chr7,100958585,A,G,MODERATE,missense_variant,MUC3A,G|missense_variant|MODERATE|MUC3A|ENSG00000169894|transcript|ENST00000379458.8|protein_coding|2/12|c.6806A>G|p.Asp2269Gly|6876/11226|6806/9972|2269/3323||
chr7,100958618,G,C,MODERATE,missense_variant,MUC3A,C|missense_variant|MODERATE|MUC3A|ENSG00000169894|transcript|ENST00000379458.8|protein_coding|2/12|c.6839G>C|p.Ser2280Thr|6909/11226|6839/9972|2280/3323||
chr7,100958648,C,T,MODERATE,missense_variant,MUC3A,T|missense_variant|MODERATE|MUC3A|ENSG00000169894|transcript|ENST00000379458.8|protein_coding|2/12|c.6869C>T|p.Ser2290Phe|6939/11226|6869/9972|2290/3323||
chr7,100958740,G,A,MODERATE,missense_variant,MUC3A,A|missense_variant|MODERATE|MUC3A|ENSG00000169894|transcript|ENST00000379458.8|protein_coding|2/12|c.6961G>A|p.Ala2321Thr|7031/11226|6961/9972|2321/3323||
chr7,100958744,A,C,MODERATE,missense_variant,MUC3A,C|missense_variant|MODERATE|MUC3A|ENSG00000169894|transcript|ENST00000379458.8|protein_coding|2/12|c.6965A>C|p.His2322Pro|7035/11226|6965/9972|2322/3323||
chr7,100958759,C,T,MODERATE,missense_variant,MUC3A,T|missense_variant|MODERATE|MUC3A|ENSG00000169894|transcript|ENST00000379458.8|protein_coding|2/12|c.6980C>T|p.Ser2327Leu|7050/11226|6980/9972|2327/3323||
chr7,100958789,A,G,MODERATE,missense_variant,MUC3A,G|missense_variant|MODERATE|MUC3A|ENSG00000169894|transcript|ENST00000379458.8|protein_coding|2/12|c.7010A>G|p.Asn2337Ser|7080/11226|7010/9972|2337/3323||
chr7,100958795,G,C,MODERATE,missense_variant,MUC3A,C|missense_variant|MODERATE|MUC3A|ENSG00000169894|transcript|ENST00000379458.8|protein_coding|2/12|c.7016G>C|p.Arg2339Pro|7086/11226|7016/9972|2339/3323||
chr7,100958845,A,C,MODERATE,missense_variant,MUC3A,C|missense_variant|MODERATE|MUC3A|ENSG00000169894|transcript|ENST00000379458.8|protein_coding|2/12|c.7066A>C|p.Thr2356Pro|7136/11226|7066/9972|2356/3323||
chr7,100958906,G,C,MODERATE,missense_variant,MUC3A,C|missense_variant|MODERATE|MUC3A|ENSG00000169894|transcript|ENST00000379458.8|protein_coding|2/12|c.7127G>C|p.Ser2376Thr|7197/11226|7127/9972|2376/3323||
chr1,155868074,G,C,MODERATE,missense_variant,SYT11,C|missense_variant|MODERATE|SYT11|ENSG00000132718|transcript|ENST00000368324.4|protein_coding|2/4|c.144G>C|p.Gln48His|397/5240|144/1296|48/431||
chr10,87020355,G,T,HIGH,stop_gained,FAM25A,T|stop_gained|HIGH|FAM25A|ENSG00000188100|transcript|ENST00000343959.4|protein_coding|1/3|c.31G>T|p.Glu11*|50/345|31/270|11/89||
chr11,4571476,T,TAC,HIGH,frameshift_variant,C11orf40,TAC|frameshift_variant|HIGH|C11orf40|ENSG00000171987|transcript|ENST00000307616.1|protein_coding|4/4|c.599_600dupGT|p.Met201fs|600/654|600/654|200/217||
chr11,5351874,A,G,MODERATE,missense_variant,OR51B6,G|missense_variant|MODERATE|OR51B6|ENSG00000176239|transcript|ENST00000380219.1|protein_coding|1/1|c.367A>G|p.Thr123Ala|367/939|367/939|123/312||
chr11,5351881,G,A,MODERATE,missense_variant,OR51B6,A|missense_variant|MODERATE|OR51B6|ENSG00000176239|transcript|ENST00000380219.1|protein_coding|1/1|c.374G>A|p.Arg125His|374/939|374/939|125/312||
chr11,5351884,G,A,MODERATE,missense_variant,OR51B6,A|missense_variant|MODERATE|OR51B6|ENSG00000176239|transcript|ENST00000380219.1|protein_coding|1/1|c.377G>A|p.Ser126Asn|377/939|377/939|126/312||
chr11,5351899,C,T,MODERATE,missense_variant,OR51B6,T|missense_variant|MODERATE|OR51B6|ENSG00000176239|transcript|ENST00000380219.1|protein_coding|1/1|c.392C>T|p.Thr131Ile|392/939|392/939|131/312||
chr11,5667710,C,T,MODERATE,missense_variant&splice_region_variant,TRIM5,T|missense_variant&splice_region_variant|MODERATE|TRIM5|ENSG00000132256|transcript|ENST00000396847.7|protein_coding|5/7|c.746G>A|p.Gly249Asp|982/3170|746/1044|249/347||
chr11,5884975,G,A,MODERATE,missense_variant,OR52E4,A|missense_variant|MODERATE|OR52E4|ENSG00000180974|transcript|ENST00000316987.3|protein_coding|1/1|c.683G>A|p.Arg228His|705/1030|683/939|228/312||
chr11,43889815,T,C,MODERATE,missense_variant,ALKBH3,C|missense_variant|MODERATE|ALKBH3|ENSG00000166199|transcript|ENST00000532129.1|protein_coding|1/4|c.53T>C|p.Leu18Pro|54/725|53/468|18/155||
chr11,49981655,C,A,MODERATE,missense_variant,OR4C12,A|missense_variant|MODERATE|OR4C12|ENSG00000221954|transcript|ENST00000335238.4|protein_coding|1/1|c.847G>T|p.Val283Leu|881/1063|847/930|283/309||
chr11,55344108,A,T,MODERATE,missense_variant,OR4A16,T|missense_variant|MODERATE|OR4A16|ENSG00000181961|transcript|ENST00000314721.3|protein_coding|1/1|c.908A>T|p.Lys303Met|908/987|908/987|303/328||
chr11,55885487,A,G,MODERATE,missense_variant,TRIM51,G|missense_variant|MODERATE|TRIM51|ENSG00000124900|transcript|ENST00000449290.6|protein_coding|2/7|c.59A>G|p.Asn20Ser|151/1629|59/1359|20/452||
chr11,55885495,C,A,MODERATE,missense_variant,TRIM51,A|missense_variant|MODERATE|TRIM51|ENSG00000124900|transcript|ENST00000449290.6|protein_coding|2/7|c.67C>A|p.Leu23Ile|159/1629|67/1359|23/452||
chr11,56105400,C,T,MODERATE,missense_variant,OR8H2,T|missense_variant|MODERATE|OR8H2|ENSG00000181767|transcript|ENST00000313503.1|protein_coding|1/1|c.358C>T|p.His120Tyr|358/939|358/939|120/312||
chr11,60842583,G,C,MODERATE,missense_variant,CCDC86,C|missense_variant|MODERATE|CCDC86|ENSG00000110104|transcript|ENST00000227520.9|protein_coding|1/4|c.459G>C|p.Gln153His|513/1893|459/1083|153/360||
chr11,62146788,G,A,MODERATE,missense_variant,INCENP,A|missense_variant|MODERATE|INCENP|ENSG00000149503|transcript|ENST00000394818.7|protein_coding|15/19|c.2090G>A|p.Arg697Gln|2292/3964|2090/2757|697/918||
chr11,76796648,T,A,MODERATE,missense_variant,TSKU,A|missense_variant|MODERATE|TSKU|ENSG00000182704|transcript|ENST00000333090.4|protein_coding|2/2|c.1032T>A|p.Asp344Glu|1206/2712|1032/1062|344/353||
chr11,89875640,GC,G,HIGH,frameshift_variant,TRIM64B,G|frameshift_variant|HIGH|TRIM64B|ENSG00000189253|transcript|ENST00000329862.6|protein_coding|1/6|c.377delG|p.Ser126fs|377/2689|377/1350|126/449||
chr11,113400106,G,A,MODERATE,missense_variant,ANKK1,A|missense_variant|MODERATE|ANKK1|ENSG00000170209|transcript|ENST00000303941.3|protein_coding|8/8|c.2137G>A|p.Glu713Lys|2231/2543|2137/2298|713/765||
chr13,18176171,C,T,HIGH,splice_acceptor_variant&intron_variant,RP11-341D18.2,T|splice_acceptor_variant&intron_variant|HIGH|RP11-341D18.2|ENSG00000279924|transcript|ENST00000623078.1|unprocessed_pseudogene|1/3|n.912-1G>A||||||
chr13,24434961,A,C,MODERATE,missense_variant,PARP4,C|missense_variant|MODERATE|PARP4|ENSG00000102699|transcript|ENST00000381989.3|protein_coding|31/34|c.4180T>G|p.Ser1394Ala|4286/5474|4180/5175|1394/1724||
chr13,25096951,G,T,MODERATE,missense_variant,PABPC3,T|missense_variant|MODERATE|PABPC3|ENSG00000151846|transcript|ENST00000281589.4|protein_coding|1/1|c.753G>T|p.Met251Ile|1084/3387|753/1896|251/631||
chr13,25096959,A,AT,HIGH,frameshift_variant,PABPC3,AT|frameshift_variant|HIGH|PABPC3|ENSG00000151846|transcript|ENST00000281589.4|protein_coding|1/1|c.761_762insT|p.Lys254fs|1093/3387|762/1896|254/631||
chr13,37105131,G,T,MODERATE,missense_variant,CSNK1A1L,T|missense_variant|MODERATE|CSNK1A1L|ENSG00000180138|transcript|ENST00000379800.4|protein_coding|1/1|c.126C>A|p.Asp42Glu|534/2406|126/1014|42/337||
chr13,38923743,G,A,HIGH,splice_acceptor_variant&intron_variant,ANKRD26P2,A|splice_acceptor_variant&intron_variant|HIGH|ANKRD26P2|ENSG00000235550|transcript|ENST00000445530.1|unprocessed_pseudogene|5/6|n.1271-2C>T||||||
chr13,52461790,A,G,MODERATE,missense_variant,CKAP2,G|missense_variant|MODERATE|CKAP2|ENSG00000136108|transcript|ENST00000378037.9|protein_coding|4/9|c.967A>G|p.Ile323Val|1057/3629|967/2052|323/683||
chr13,77017068,CT,C,HIGH,frameshift_variant,CLN5,C|frameshift_variant|HIGH|CLN5|ENSG00000102805|transcript|ENST00000636525.1|protein_coding|5/6|c.741delT|p.Leu248fs|741/2508|741/816|247/271||INFO_REALIGN_3_PRIME
chr13,77698141,G,GC,HIGH,frameshift_variant,SLAIN1,GC|frameshift_variant|HIGH|SLAIN1|ENSG00000139737|transcript|ENST00000418532.5|protein_coding|1/7|c.230dupC|p.Leu78fs|291/2855|231/1773|77/590||INFO_REALIGN_3_PRIME
chr13,102736020,C,T,MODERATE,missense_variant,CCDC168,T|missense_variant|MODERATE|CCDC168|ENSG00000175820|transcript|ENST00000322527.3|protein_coding|4/4|c.14677G>A|p.Gly4893Ser|14815/21466|14677/21246|4893/7081||
chr13,102796852,T,C,MODERATE,missense_variant,KDELC1,C|missense_variant|MODERATE|KDELC1|ENSG00000134901|transcript|ENST00000376004.4|protein_coding|2/10|c.340A>G|p.Ile114Val|677/2060|340/1509|114/502||
chr14,23275591,ACAT,A,MODERATE,disruptive_inframe_deletion,HOMEZ,A|disruptive_inframe_deletion|MODERATE|HOMEZ|ENSG00000215271|transcript|ENST00000357460.6|protein_coding|2/2|c.1634_1636delATG|p.Asp545del|1801/4971|1634/1653|545/550||
chr16,76498686,A,G,MODERATE,missense_variant,CNTNAP4,G|missense_variant|MODERATE|CNTNAP4|ENSG00000152910|transcript|ENST00000611870.4|protein_coding|15/24|c.2357A>G|p.Gln786Arg|2742/4867|2357/3927|786/1308||
chr17,21416455,C,G,MODERATE,missense_variant,KCNJ12,G|missense_variant|MODERATE|KCNJ12|ENSG00000184185|transcript|ENST00000331718.5|protein_coding|3/3|c.1113C>G|p.Ser371Arg|1483/2198|1113/1302|371/433||
chr2,17772760,G,A,MODERATE,missense_variant,GEN1,A|missense_variant|MODERATE|GEN1|ENSG00000178295|transcript|ENST00000317402.11|protein_coding|8/14|c.929G>A|p.Ser310Asn|1054/9854|929/2727|310/908||
chr2,95938843,A,G,MODERATE,missense_variant,ANKRD36C,G|missense_variant|MODERATE|ANKRD36C|ENSG00000174501|transcript|ENST00000456556.5|protein_coding|22/67|c.1619T>C|p.Leu540Pro|1704/5428|1619/5337|540/1778||
chr2,95945173,T,G,MODERATE,missense_variant&splice_region_variant,ANKRD36C,G|missense_variant&splice_region_variant|MODERATE|ANKRD36C|ENSG00000174501|transcript|ENST00000456556.5|protein_coding|18/67|c.1364A>C|p.Asn455Thr|1449/5428|1364/5337|455/1778||
chr2,95950756,C,A,MODERATE,missense_variant,ANKRD36C,A|missense_variant|MODERATE|ANKRD36C|ENSG00000174501|transcript|ENST00000456556.5|protein_coding|16/67|c.1288G>T|p.Val430Phe|1373/5428|1288/5337|430/1778||
chr2,95950758,G,C,MODERATE,missense_variant,ANKRD36C,C|missense_variant|MODERATE|ANKRD36C|ENSG00000174501|transcript|ENST00000456556.5|protein_coding|16/67|c.1286C>G|p.Ala429Gly|1371/5428|1286/5337|429/1778||
chr2,95950759,C,A,MODERATE,missense_variant,ANKRD36C,A|missense_variant|MODERATE|ANKRD36C|ENSG00000174501|transcript|ENST00000456556.5|protein_coding|16/67|c.1285G>T|p.Ala429Ser|1370/5428|1285/5337|429/1778||
chr2,95951363,G,A,HIGH,stop_gained,ANKRD36C,A|stop_gained|HIGH|ANKRD36C|ENSG00000174501|transcript|ENST00000456556.5|protein_coding|15/67|c.1249C>T|p.Arg417*|1334/5428|1249/5337|417/1778||
chr2,95951365,G,A,MODERATE,missense_variant,ANKRD36C,A|missense_variant|MODERATE|ANKRD36C|ENSG00000174501|transcript|ENST00000456556.5|protein_coding|15/67|c.1247C>T|p.Pro416Leu|1332/5428|1247/5337|416/1778||
chr2,95951377,T,C,MODERATE,missense_variant,ANKRD36C,C|missense_variant|MODERATE|ANKRD36C|ENSG00000174501|transcript|ENST00000456556.5|protein_coding|15/67|c.1235A>G|p.Lys412Arg|1320/5428|1235/5337|412/1778||
chr2,95951384,T,C,MODERATE,missense_variant,ANKRD36C,C|missense_variant|MODERATE|ANKRD36C|ENSG00000174501|transcript|ENST00000456556.5|protein_coding|15/67|c.1228A>G|p.Lys410Glu|1313/5428|1228/5337|410/1778||
chr2,95951407,A,G,MODERATE,missense_variant&splice_region_variant,ANKRD36C,G|missense_variant&splice_region_variant|MODERATE|ANKRD36C|ENSG00000174501|transcript|ENST00000456556.5|protein_coding|15/67|c.1205T>C|p.Ile402Thr|1290/5428|1205/5337|402/1778||
chr2,97162102,G,A,MODERATE,missense_variant,ANKRD36,A|missense_variant|MODERATE|ANKRD36|ENSG00000135976|transcript|ENST00000420699.6|protein_coding|18/76|c.1393G>A|p.Gly465Arg|1637/6269|1393/5826|465/1941||
chr2,97167729,C,T,MODERATE,missense_variant,ANKRD36,T|missense_variant|MODERATE|ANKRD36|ENSG00000135976|transcript|ENST00000420699.6|protein_coding|22/76|c.1595C>T|p.Ala532Val|1839/6269|1595/5826|532/1941||
chr21,10482858,TG,T,HIGH,splice_donor_variant&intron_variant,BAGE2,T|splice_donor_variant&intron_variant|HIGH|BAGE2|ENSG00000187172|transcript|ENST00000470054.5|processed_transcript|7/9|n.1596+1delG||||||INFO_REALIGN_3_PRIME
chr22,11065979,G,A,MODERATE,missense_variant,CU104787.1,A|missense_variant|MODERATE|CU104787.1|ENSG00000280363|transcript|ENST00000623473.1|protein_coding|2/2|c.49C>T|p.Arg17Trp|49/54|49/54|17/17||WARNING_TRANSCRIPT_NO_START_CODON
chr22,11065994,C,T,MODERATE,missense_variant,CU104787.1,T|missense_variant|MODERATE|CU104787.1|ENSG00000280363|transcript|ENST00000623473.1|protein_coding|2/2|c.34G>A|p.Glu12Lys|34/54|34/54|12/17||WARNING_TRANSCRIPT_NO_START_CODON
chr22,11068057,A,T,MODERATE,missense_variant,BAGE5,T|missense_variant|MODERATE|BAGE5|ENSG00000279973|transcript|ENST00000624155.1|protein_coding|2/2|c.88A>T|p.Arg30Trp|88/120|88/120|30/39||
chr22,22904902,T,G,MODERATE,missense_variant,IGLJ3,G|missense_variant|MODERATE|IGLJ3|ENSG00000211678|transcript|ENST00000390324.2|IG_J_gene|1/1|c.28T>G|p.Ser10Ala|53/176|28/151|10/49||WARNING_TRANSCRIPT_INCOMPLETE
chr3,38039461,T,G,MODERATE,missense_variant,DLEC1,G|missense_variant|MODERATE|DLEC1|ENSG00000008226|transcript|ENST00000308059.10|protein_coding|1/37|c.236T>G|p.Leu79Arg|257/6426|236/5268|79/1755||
chr3,75738304,A,G,MODERATE,missense_variant,ZNF717,G|missense_variant|MODERATE|ZNF717|ENSG00000227124|transcript|ENST00000478296.5|protein_coding|4/4|c.1169T>C|p.Val390Ala|1446/3875|1169/2595|390/864||
chr3,75738311,G,A,MODERATE,missense_variant,ZNF717,A|missense_variant|MODERATE|ZNF717|ENSG00000227124|transcript|ENST00000478296.5|protein_coding|4/4|c.1162C>T|p.Leu388Phe|1439/3875|1162/2595|388/864||
chr3,75738323,G,A,MODERATE,missense_variant,ZNF717,A|missense_variant|MODERATE|ZNF717|ENSG00000227124|transcript|ENST00000478296.5|protein_coding|4/4|c.1150C>T|p.His384Tyr|1427/3875|1150/2595|384/864||
chr3,75738325,C,A,MODERATE,missense_variant,ZNF717,A|missense_variant|MODERATE|ZNF717|ENSG00000227124|transcript|ENST00000478296.5|protein_coding|4/4|c.1148G>T|p.Ser383Ile|1425/3875|1148/2595|383/864||
chr3,75738335,C,T,MODERATE,missense_variant,ZNF717,T|missense_variant|MODERATE|ZNF717|ENSG00000227124|transcript|ENST00000478296.5|protein_coding|4/4|c.1138G>A|p.Glu380Lys|1415/3875|1138/2595|380/864||
chr3,97945881,C,T,MODERATE,missense_variant,MINA,T|missense_variant|MODERATE|MINA|ENSG00000170854|transcript|ENST00000333396.11|protein_coding|9/10|c.1156G>A|p.Ala386Thr|1739/5347|1156/1398|386/465||
chr6,152481162,T,C,MODERATE,missense_variant,SYNE1,C|missense_variant|MODERATE|SYNE1|ENSG00000131018|transcript|ENST00000341594.9|protein_coding|15/148|c.1310A>G|p.Gln437Arg|1963/26584|1310/25179|437/8392||
chr7,31642839,C,T,MODERATE,missense_variant,CCDC129,T|missense_variant|MODERATE|CCDC129|ENSG00000180347|transcript|ENST00000407970.7|protein_coding|11/14|c.1469C>T|p.Ala490Val|1507/3269|1469/3135|490/1044||
chr7,37916531,G,T,MODERATE,missense_variant,SFRP4,T|missense_variant|MODERATE|SFRP4|ENSG00000106483|transcript|ENST00000436072.6|protein_coding|1/6|c.7C>A|p.Leu3Ile|385/2966|7/1041|3/346||
chr7,51029277,C,T,MODERATE,missense_variant,COBL,T|missense_variant|MODERATE|COBL|ENSG00000106078|transcript|ENST00000395542.6|protein_coding|11/14|c.1990G>A|p.Val664Ile|2175/5339|1990/3816|664/1271||
chr7,88184320,C,T,MODERATE,missense_variant,ADAM22,T|missense_variant|MODERATE|ADAM22|ENSG00000008277|transcript|ENST00000426930.5|protein_coding|8/11|c.679C>T|p.His227Tyr|679/1259|679/993|227/330||WARNING_TRANSCRIPT_NO_START_CODON
chr7,100952063,C,T,MODERATE,missense_variant,MUC3A,T|missense_variant|MODERATE|MUC3A|ENSG00000169894|transcript|ENST00000379458.8|protein_coding|2/12|c.284C>T|p.Pro95Leu|354/11226|284/9972|95/3323||
chr7,100952200,C,T,MODERATE,missense_variant,MUC3A,T|missense_variant|MODERATE|MUC3A|ENSG00000169894|transcript|ENST00000379458.8|protein_coding|2/12|c.421C>T|p.Pro141Ser|491/11226|421/9972|141/3323||
chr7,100952233,G,A,MODERATE,missense_variant,MUC3A,A|missense_variant|MODERATE|MUC3A|ENSG00000169894|transcript|ENST00000379458.8|protein_coding|2/12|c.454G>A|p.Ala152Thr|524/11226|454/9972|152/3323||
chr7,100952295,T,G,MODERATE,missense_variant,MUC3A,G|missense_variant|MODERATE|MUC3A|ENSG00000169894|transcript|ENST00000379458.8|protein_coding|2/12|c.516T>G|p.Ser172Arg|586/11226|516/9972|172/3323||
chr7,100952788,A,C,MODERATE,missense_variant,MUC3A,C|missense_variant|MODERATE|MUC3A|ENSG00000169894|transcript|ENST00000379458.8|protein_coding|2/12|c.1009A>C|p.Thr337Pro|1079/11226|1009/9972|337/3323||
chr7,100953407,G,A,MODERATE,missense_variant,MUC3A,A|missense_variant|MODERATE|MUC3A|ENSG00000169894|transcript|ENST00000379458.8|protein_coding|2/12|c.1628G>A|p.Ser543Asn|1698/11226|1628/9972|543/3323||
chr7,100953410,C,A,MODERATE,missense_variant,MUC3A,A|missense_variant|MODERATE|MUC3A|ENSG00000169894|transcript|ENST00000379458.8|protein_coding|2/12|c.1631C>A|p.Ala544Asp|1701/11226|1631/9972|544/3323||
chr7,100953412,G,A,MODERATE,missense_variant,MUC3A,A|missense_variant|MODERATE|MUC3A|ENSG00000169894|transcript|ENST00000379458.8|protein_coding|2/12|c.1633G>A|p.Gly545Arg|1703/11226|1633/9972|545/3323||
chr7,100953468,C,G,MODERATE,missense_variant,MUC3A,G|missense_variant|MODERATE|MUC3A|ENSG00000169894|transcript|ENST00000379458.8|protein_coding|2/12|c.1689C>G|p.His563Gln|1759/11226|1689/9972|563/3323||
chr7,100953482,C,A,MODERATE,missense_variant,MUC3A,A|missense_variant|MODERATE|MUC3A|ENSG00000169894|transcript|ENST00000379458.8|protein_coding|2/12|c.1703C>A|p.Ser568Tyr|1773/11226|1703/9972|568/3323||
chr7,100953488,T,C,MODERATE,missense_variant,MUC3A,C|missense_variant|MODERATE|MUC3A|ENSG00000169894|transcript|ENST00000379458.8|protein_coding|2/12|c.1709T>C|p.Leu570Pro|1779/11226|1709/9972|570/3323||
chr7,100953520,T,C,MODERATE,missense_variant,MUC3A,C|missense_variant|MODERATE|MUC3A|ENSG00000169894|transcript|ENST00000379458.8|protein_coding|2/12|c.1741T>C|p.Ser581Pro|1811/11226|1741/9972|581/3323||
chr7,100953536,C,T,MODERATE,missense_variant,MUC3A,T|missense_variant|MODERATE|MUC3A|ENSG00000169894|transcript|ENST00000379458.8|protein_coding|2/12|c.1757C>T|p.Pro586Leu|1827/11226|1757/9972|586/3323||
chr7,100953551,C,T,MODERATE,missense_variant,MUC3A,T|missense_variant|MODERATE|MUC3A|ENSG00000169894|transcript|ENST00000379458.8|protein_coding|2/12|c.1772C>T|p.Ala591Val|1842/11226|1772/9972|591/3323||
chr7,100953620,C,T,MODERATE,missense_variant,MUC3A,T|missense_variant|MODERATE|MUC3A|ENSG00000169894|transcript|ENST00000379458.8|protein_coding|2/12|c.1841C>T|p.Pro614Leu|1911/11226|1841/9972|614/3323||
chr7,100953656,C,T,MODERATE,missense_variant,MUC3A,T|missense_variant|MODERATE|MUC3A|ENSG00000169894|transcript|ENST00000379458.8|protein_coding|2/12|c.1877C>T|p.Thr626Ile|1947/11226|1877/9972|626/3323||
chr7,100953686,C,T,MODERATE,missense_variant,MUC3A,T|missense_variant|MODERATE|MUC3A|ENSG00000169894|transcript|ENST00000379458.8|protein_coding|2/12|c.1907C>T|p.Ser636Leu|1977/11226|1907/9972|636/3323||
chr7,100953770,C,G,MODERATE,missense_variant,MUC3A,G|missense_variant|MODERATE|MUC3A|ENSG00000169894|transcript|ENST00000379458.8|protein_coding|2/12|c.1991C>G|p.Thr664Ser|2061/11226|1991/9972|664/3323||
chr7,100953776,T,A,MODERATE,missense_variant,MUC3A,A|missense_variant|MODERATE|MUC3A|ENSG00000169894|transcript|ENST00000379458.8|protein_coding|2/12|c.1997T>A|p.Met666Lys|2067/11226|1997/9972|666/3323||
chr7,100953778,C,A,MODERATE,missense_variant,MUC3A,A|missense_variant|MODERATE|MUC3A|ENSG00000169894|transcript|ENST00000379458.8|protein_coding|2/12|c.1999C>A|p.Pro667Thr|2069/11226|1999/9972|667/3323||
chr7,100953779,C,T,MODERATE,missense_variant,MUC3A,T|missense_variant|MODERATE|MUC3A|ENSG00000169894|transcript|ENST00000379458.8|protein_coding|2/12|c.2000C>T|p.Pro667Leu|2070/11226|2000/9972|667/3323||
chr7,100953851,T,C,MODERATE,missense_variant,MUC3A,C|missense_variant|MODERATE|MUC3A|ENSG00000169894|transcript|ENST00000379458.8|protein_coding|2/12|c.2072T>C|p.Ile691Thr|2142/11226|2072/9972|691/3323||
chr7,100953889,A,G,MODERATE,missense_variant,MUC3A,G|missense_variant|MODERATE|MUC3A|ENSG00000169894|transcript|ENST00000379458.8|protein_coding|2/12|c.2110A>G|p.Met704Val|2180/11226|2110/9972|704/3323||
chr7,100953899,C,T,MODERATE,missense_variant,MUC3A,T|missense_variant|MODERATE|MUC3A|ENSG00000169894|transcript|ENST00000379458.8|protein_coding|2/12|c.2120C>T|p.Ser707Phe|2190/11226|2120/9972|707/3323||
chr7,100954123,G,A,MODERATE,missense_variant,MUC3A,A|missense_variant|MODERATE|MUC3A|ENSG00000169894|transcript|ENST00000379458.8|protein_coding|2/12|c.2344G>A|p.Val782Ile|2414/11226|2344/9972|782/3323||
chr7,100954184,C,A,MODERATE,missense_variant,MUC3A,A|missense_variant|MODERATE|MUC3A|ENSG00000169894|transcript|ENST00000379458.8|protein_coding|2/12|c.2405C>A|p.Thr802Asn|2475/11226|2405/9972|802/3323||
chr7,100954210,T,C,MODERATE,missense_variant,MUC3A,C|missense_variant|MODERATE|MUC3A|ENSG00000169894|transcript|ENST00000379458.8|protein_coding|2/12|c.2431T>C|p.Ser811Pro|2501/11226|2431/9972|811/3323||
chr7,100955378,C,T,MODERATE,missense_variant,MUC3A,T|missense_variant|MODERATE|MUC3A|ENSG00000169894|transcript|ENST00000379458.8|protein_coding|2/12|c.3599C>T|p.Pro1200Leu|3669/11226|3599/9972|1200/3323||
chr7,100955392,T,C,MODERATE,missense_variant,MUC3A,C|missense_variant|MODERATE|MUC3A|ENSG00000169894|transcript|ENST00000379458.8|protein_coding|2/12|c.3613T>C|p.Tyr1205His|3683/11226|3613/9972|1205/3323||
chr7,100955394,C,G,HIGH,stop_gained,MUC3A,G|stop_gained|HIGH|MUC3A|ENSG00000169894|transcript|ENST00000379458.8|protein_coding|2/12|c.3615C>G|p.Tyr1205*|3685/11226|3615/9972|1205/3323||
chr7,100956998,C,A,MODERATE,missense_variant,MUC3A,A|missense_variant|MODERATE|MUC3A|ENSG00000169894|transcript|ENST00000379458.8|protein_coding|2/12|c.5219C>A|p.Thr1740Asn|5289/11226|5219/9972|1740/3323||
chr7,100957015,T,C,MODERATE,missense_variant,MUC3A,C|missense_variant|MODERATE|MUC3A|ENSG00000169894|transcript|ENST00000379458.8|protein_coding|2/12|c.5236T>C|p.Ser1746Pro|5306/11226|5236/9972|1746/3323||
chr7,100957103,C,T,MODERATE,missense_variant,MUC3A,T|missense_variant|MODERATE|MUC3A|ENSG00000169894|transcript|ENST00000379458.8|protein_coding|2/12|c.5324C>T|p.Ser1775Leu|5394/11226|5324/9972|1775/3323||
chr7,100957340,C,A,MODERATE,missense_variant,MUC3A,A|missense_variant|MODERATE|MUC3A|ENSG00000169894|transcript|ENST00000379458.8|protein_coding|2/12|c.5561C>A|p.Thr1854Asn|5631/11226|5561/9972|1854/3323||
chr7,100957346,C,T,MODERATE,missense_variant,MUC3A,T|missense_variant|MODERATE|MUC3A|ENSG00000169894|transcript|ENST00000379458.8|protein_coding|2/12|c.5567C>T|p.Thr1856Ile|5637/11226|5567/9972|1856/3323||
chr7,100957361,A,G,MODERATE,missense_variant,MUC3A,G|missense_variant|MODERATE|MUC3A|ENSG00000169894|transcript|ENST00000379458.8|protein_coding|2/12|c.5582A>G|p.Asn1861Ser|5652/11226|5582/9972|1861/3323||
chr7,100957363,A,G,MODERATE,missense_variant,MUC3A,G|missense_variant|MODERATE|MUC3A|ENSG00000169894|transcript|ENST00000379458.8|protein_coding|2/12|c.5584A>G|p.Met1862Val|5654/11226|5584/9972|1862/3323||
chr7,100957406,C,G,MODERATE,missense_variant,MUC3A,G|missense_variant|MODERATE|MUC3A|ENSG00000169894|transcript|ENST00000379458.8|protein_coding|2/12|c.5627C>G|p.Ser1876Cys|5697/11226|5627/9972|1876/3323||
chr7,100957418,T,C,MODERATE,missense_variant,MUC3A,C|missense_variant|MODERATE|MUC3A|ENSG00000169894|transcript|ENST00000379458.8|protein_coding|2/12|c.5639T>C|p.Leu1880Pro|5709/11226|5639/9972|1880/3323||
chr7,100957438,G,A,MODERATE,missense_variant,MUC3A,A|missense_variant|MODERATE|MUC3A|ENSG00000169894|transcript|ENST00000379458.8|protein_coding|2/12|c.5659G>A|p.Val1887Ile|5729/11226|5659/9972|1887/3323||
chr7,100957642,T,A,MODERATE,missense_variant,MUC3A,A|missense_variant|MODERATE|MUC3A|ENSG00000169894|transcript|ENST00000379458.8|protein_coding|2/12|c.5863T>A|p.Ser1955Thr|5933/11226|5863/9972|1955/3323||
chr7,100957702,C,T,MODERATE,missense_variant,MUC3A,T|missense_variant|MODERATE|MUC3A|ENSG00000169894|transcript|ENST00000379458.8|protein_coding|2/12|c.5923C>T|p.Leu1975Phe|5993/11226|5923/9972|1975/3323||
chr7,100957778,C,A,MODERATE,missense_variant,MUC3A,A|missense_variant|MODERATE|MUC3A|ENSG00000169894|transcript|ENST00000379458.8|protein_coding|2/12|c.5999C>A|p.Thr2000Asn|6069/11226|5999/9972|2000/3323||
chr7,100957844,A,G,MODERATE,missense_variant,MUC3A,G|missense_variant|MODERATE|MUC3A|ENSG00000169894|transcript|ENST00000379458.8|protein_coding|2/12|c.6065A>G|p.Asn2022Ser|6135/11226|6065/9972|2022/3323||
chr7,100958000,T,C,MODERATE,missense_variant,MUC3A,C|missense_variant|MODERATE|MUC3A|ENSG00000169894|transcript|ENST00000379458.8|protein_coding|2/12|c.6221T>C|p.Leu2074Pro|6291/11226|6221/9972|2074/3323||
chr7,100958051,T,C,MODERATE,missense_variant,MUC3A,C|missense_variant|MODERATE|MUC3A|ENSG00000169894|transcript|ENST00000379458.8|protein_coding|2/12|c.6272T>C|p.Leu2091Pro|6342/11226|6272/9972|2091/3323||
chr7,100958128,T,A,MODERATE,missense_variant,MUC3A,A|missense_variant|MODERATE|MUC3A|ENSG00000169894|transcript|ENST00000379458.8|protein_coding|2/12|c.6349T>A|p.Ser2117Thr|6419/11226|6349/9972|2117/3323||
chr7,100958135,T,C,MODERATE,missense_variant,MUC3A,C|missense_variant|MODERATE|MUC3A|ENSG00000169894|transcript|ENST00000379458.8|protein_coding|2/12|c.6356T>C|p.Met2119Thr|6426/11226|6356/9972|2119/3323||
chr7,100958136,G,C,MODERATE,missense_variant,MUC3A,C|missense_variant|MODERATE|MUC3A|ENSG00000169894|transcript|ENST00000379458.8|protein_coding|2/12|c.6357G>C|p.Met2119Ile|6427/11226|6357/9972|2119/3323||
chr7,100958191,A,T,MODERATE,missense_variant,MUC3A,T|missense_variant|MODERATE|MUC3A|ENSG00000169894|transcript|ENST00000379458.8|protein_coding|2/12|c.6412A>T|p.Thr2138Ser|6482/11226|6412/9972|2138/3323||
chr7,100958207,A,G,MODERATE,missense_variant,MUC3A,G|missense_variant|MODERATE|MUC3A|ENSG00000169894|transcript|ENST00000379458.8|protein_coding|2/12|c.6428A>G|p.Asn2143Ser|6498/11226|6428/9972|2143/3323||
chr7,100958447,G,C,MODERATE,missense_variant,MUC3A,C|missense_variant|MODERATE|MUC3A|ENSG00000169894|transcript|ENST00000379458.8|protein_coding|2/12|c.6668G>C|p.Ser2223Thr|6738/11226|6668/9972|2223/3323||
chr7,100958491,G,A,MODERATE,missense_variant,MUC3A,A|missense_variant|MODERATE|MUC3A|ENSG00000169894|transcript|ENST00000379458.8|protein_coding|2/12|c.6712G>A|p.Gly2238Ser|6782/11226|6712/9972|2238/3323||
chr7,100958584,G,A,MODERATE,missense_variant,MUC3A,A|missense_variant|MODERATE|MUC3A|ENSG00000169894|transcript|ENST00000379458.8|protein_coding|2/12|c.6805G>A|p.Asp2269Asn|6875/11226|6805/9972|2269/3323||
chr7,100958585,A,G,MODERATE,missense_variant,MUC3A,G|missense_variant|MODERATE|MUC3A|ENSG00000169894|transcript|ENST00000379458.8|protein_coding|2/12|c.6806A>G|p.Asp2269Gly|6876/11226|6806/9972|2269/3323||
chr7,100958618,G,C,MODERATE,missense_variant,MUC3A,C|missense_variant|MODERATE|MUC3A|ENSG00000169894|transcript|ENST00000379458.8|protein_coding|2/12|c.6839G>C|p.Ser2280Thr|6909/11226|6839/9972|2280/3323||
chr7,100958626,C,A,MODERATE,missense_variant,MUC3A,A|missense_variant|MODERATE|MUC3A|ENSG00000169894|transcript|ENST00000379458.8|protein_coding|2/12|c.6847C>A|p.Pro2283Thr|6917/11226|6847/9972|2283/3323||
chr7,100958648,C,T,MODERATE,missense_variant,MUC3A,T|missense_variant|MODERATE|MUC3A|ENSG00000169894|transcript|ENST00000379458.8|protein_coding|2/12|c.6869C>T|p.Ser2290Phe|6939/11226|6869/9972|2290/3323||
chr7,100958657,T,C,MODERATE,missense_variant,MUC3A,C|missense_variant|MODERATE|MUC3A|ENSG00000169894|transcript|ENST00000379458.8|protein_coding|2/12|c.6878T>C|p.Leu2293Ser|6948/11226|6878/9972|2293/3323||
chr7,100958740,G,A,MODERATE,missense_variant,MUC3A,A|missense_variant|MODERATE|MUC3A|ENSG00000169894|transcript|ENST00000379458.8|protein_coding|2/12|c.6961G>A|p.Ala2321Thr|7031/11226|6961/9972|2321/3323||
chr7,100958744,A,C,MODERATE,missense_variant,MUC3A,C|missense_variant|MODERATE|MUC3A|ENSG00000169894|transcript|ENST00000379458.8|protein_coding|2/12|c.6965A>C|p.His2322Pro|7035/11226|6965/9972|2322/3323||
chr7,100958789,A,G,MODERATE,missense_variant,MUC3A,G|missense_variant|MODERATE|MUC3A|ENSG00000169894|transcript|ENST00000379458.8|protein_coding|2/12|c.7010A>G|p.Asn2337Ser|7080/11226|7010/9972|2337/3323||
chr7,100958795,G,C,MODERATE,missense_variant,MUC3A,C|missense_variant|MODERATE|MUC3A|ENSG00000169894|transcript|ENST00000379458.8|protein_coding|2/12|c.7016G>C|p.Arg2339Pro|7086/11226|7016/9972|2339/3323||
chr7,100958831,A,C,MODERATE,missense_variant,MUC3A,C|missense_variant|MODERATE|MUC3A|ENSG00000169894|transcript|ENST00000379458.8|protein_coding|2/12|c.7052A>C|p.Asn2351Thr|7122/11226|7052/9972|2351/3323||
chr7,100958845,A,C,MODERATE,missense_variant,MUC3A,C|missense_variant|MODERATE|MUC3A|ENSG00000169894|transcript|ENST00000379458.8|protein_coding|2/12|c.7066A>C|p.Thr2356Pro|7136/11226|7066/9972|2356/3323||
chr7,100958906,G,C,MODERATE,missense_variant,MUC3A,C|missense_variant|MODERATE|MUC3A|ENSG00000169894|transcript|ENST00000379458.8|protein_coding|2/12|c.7127G>C|p.Ser2376Thr|7197/11226|7127/9972|2376/3323||
chr7,100959497,T,C,MODERATE,missense_variant,MUC3A,C|missense_variant|MODERATE|MUC3A|ENSG00000169894|transcript|ENST00000379458.8|protein_coding|2/12|c.7718T>C|p.Ile2573Thr|7788/11226|7718/9972|2573/3323||
chr7,100959664,G,T,MODERATE,missense_variant,MUC3A,T|missense_variant|MODERATE|MUC3A|ENSG00000169894|transcript|ENST00000379458.8|protein_coding|2/12|c.7885G>T|p.Val2629Phe|7955/11226|7885/9972|2629/3323||
chr7,100959868,G,T,MODERATE,missense_variant,MUC3A,T|missense_variant|MODERATE|MUC3A|ENSG00000169894|transcript|ENST00000379458.8|protein_coding|2/12|c.8089G>T|p.Ala2697Ser|8159/11226|8089/9972|2697/3323||
chr7,100959889,T,G,MODERATE,missense_variant,MUC3A,G|missense_variant|MODERATE|MUC3A|ENSG00000169894|transcript|ENST00000379458.8|protein_coding|2/12|c.8110T>G|p.Ser2704Ala|8180/11226|8110/9972|2704/3323||
chr7,100992094,A,C,MODERATE,missense_variant,MUC12,C|missense_variant|MODERATE|MUC12|ENSG00000205277|transcript|ENST00000379442.7|protein_coding|5/15|c.1960A>C|p.Ser654Arg|1960/16737|1960/16437|654/5478||
chr7,102639174,C,T,MODERATE,missense_variant,UPK3BL,T|missense_variant|MODERATE|UPK3BL|ENSG00000267368|transcript|ENST00000340457.8|protein_coding|4/6|c.511G>A|p.Glu171Lys|561/1342|511/792|171/263||
chr7,141973545,C,G,MODERATE,missense_variant,TAS2R38,G|missense_variant|MODERATE|TAS2R38|ENSG00000257138|transcript|ENST00000547270.1|protein_coding|1/1|c.145G>C|p.Ala49Pro|229/1143|145/1002|49/333||
chr7,144004423,C,T,MODERATE,missense_variant,OR6B1,T|missense_variant|MODERATE|OR6B1|ENSG00000221813|transcript|ENST00000408922.3|protein_coding|1/1|c.427C>T|p.Arg143Cys|495/1055|427/936|143/311||
chr7,151381649,A,G,MODERATE,missense_variant,WDR86,G|missense_variant|MODERATE|WDR86|ENSG00000187260|transcript|ENST00000477459.5|protein_coding|5/5|c.544T>C|p.Cys182Arg|900/1428|544/834|182/277||
chr8,10498662,G,T,MODERATE,missense_variant,PRSS51,T|missense_variant|MODERATE|PRSS51|ENSG00000253649|transcript|ENST00000636217.1|protein_coding|2/6|c.208C>A|p.His70Asn|269/2255|208/663|70/220||
chr8,10498677,C,T,MODERATE,missense_variant,PRSS51,T|missense_variant|MODERATE|PRSS51|ENSG00000253649|transcript|ENST00000636217.1|protein_coding|2/6|c.193G>A|p.Gly65Arg|254/2255|193/663|65/220||
chr8,13021128,A,G,MODERATE,missense_variant,KIAA1456,G|missense_variant|MODERATE|KIAA1456|ENSG00000250305|transcript|ENST00000524591.6|protein_coding|5/5|c.449A>G|p.His150Arg|938/9587|449/1365|150/454||
chr8,13567844,T,A,MODERATE,missense_variant,C8orf48,A|missense_variant|MODERATE|C8orf48|ENSG00000164743|transcript|ENST00000297324.4|protein_coding|1/1|c.853T>A|p.Leu285Met|1002/1445|853/960|285/319||
chr8,25423284,C,G,MODERATE,missense_variant,GNRH1,G|missense_variant|MODERATE|GNRH1|ENSG00000147437|transcript|ENST00000276414.4|protein_coding|1/3|c.47G>C|p.Trp16Ser|1371/1760|47/279|16/92||
chr8,85341753,C,T,HIGH,splice_donor_variant&intron_variant,CA1,T|splice_donor_variant&intron_variant|HIGH|CA1|ENSG00000133742|transcript|ENST00000522662.5|protein_coding|2/4|c.-25+1G>A||||||WARNING_TRANSCRIPT_NO_STOP_CODON
chr8,141212346,T,C,MODERATE,missense_variant,SLC45A4,C|missense_variant|MODERATE|SLC45A4|ENSG00000022567|transcript|ENST00000517878.5|protein_coding|7/8|c.2152A>G|p.Asn718Asp|2152/3470|2152/2427|718/808||
chr8,144841669,G,A,MODERATE,missense_variant,ZNF7,A|missense_variant|MODERATE|ZNF7|ENSG00000147789|transcript|ENST00000446747.6|protein_coding|5/5|c.595G>A|p.Gly199Arg|691/2242|595/2094|199/697||
chr1,3579915,T,C,MODERATE,missense_variant,MEGF6,C|missense_variant|MODERATE|MEGF6|ENSG00000162591|transcript|ENST00000356575.8|protein_coding|4/37|c.391A>G|p.Ser131Gly|618/5455|391/4626|131/1541||
chr1,6218354,A,G,MODERATE,missense_variant,RNF207,G|missense_variant|MODERATE|RNF207|ENSG00000158286|transcript|ENST00000377939.4|protein_coding|17/18|c.1718A>G|p.Asn573Ser|1845/3924|1718/1905|573/634||
chr1,6651086,T,C,MODERATE,missense_variant,DNAJC11,C|missense_variant|MODERATE|DNAJC11|ENSG00000007923|transcript|ENST00000426784.1|protein_coding|7/8|c.725A>G|p.His242Arg|727/975|725/973|242/323||WARNING_TRANSCRIPT_INCOMPLETE
chr1,11030859,C,A,MODERATE,missense_variant,MASP2,A|missense_variant|MODERATE|MASP2|ENSG00000009724|transcript|ENST00000400897.7|protein_coding|9/11|c.1111G>T|p.Asp371Tyr|1127/2439|1111/2061|371/686||
chr1,11789390,A,G,MODERATE,missense_variant,C1orf167,G|missense_variant|MODERATE|C1orf167|ENSG00000215910|transcript|ENST00000444493.5|protein_coding|10/10|c.1792A>G|p.Arg598Gly|1793/1881|1792/1848|598/615||WARNING_TRANSCRIPT_NO_START_CODON
chr1,15341780,G,A,MODERATE,missense_variant,FHAD1,A|missense_variant|MODERATE|FHAD1|ENSG00000142621|transcript|ENST00000358897.8|protein_coding|15/31|c.1951G>A|p.Gly651Arg|2089/5090|1951/4239|651/1412||
chr1,15382044,A,G,MODERATE,missense_variant,FHAD1,G|missense_variant|MODERATE|FHAD1|ENSG00000142621|transcript|ENST00000444385.5|protein_coding|15/16|c.1927A>G|p.Ile643Val|1929/3481|1927/2079|643/692||WARNING_TRANSCRIPT_NO_START_CODON
chr1,16057247,C,G,MODERATE,missense_variant,CLCNKB,G|missense_variant|MODERATE|CLCNKB|ENSG00000184908|transcript|ENST00000619181.4|protein_coding|14/14|c.1354C>G|p.Pro452Ala|1506/1544|1354/1392|452/463||
chr1,16938425,C,T,MODERATE,missense_variant,CROCC,T|missense_variant|MODERATE|CROCC|ENSG00000058453|transcript|ENST00000467938.5|protein_coding|9/17|c.995C>T|p.Ala332Val|997/2515|995/2513|332/836||WARNING_TRANSCRIPT_INCOMPLETE
chr1,20115561,T,C,MODERATE,missense_variant,PLA2G2D,C|missense_variant|MODERATE|PLA2G2D|ENSG00000117215|transcript|ENST00000375105.7|protein_coding|3/4|c.238A>G|p.Ser80Gly|297/2672|238/438|80/145||
chr1,21468895,A,G,MODERATE,missense_variant&splice_region_variant,NBPF3,G|missense_variant&splice_region_variant|MODERATE|NBPF3|ENSG00000142794|transcript|ENST00000318249.9|protein_coding|3/15|c.341A>G|p.Tyr114Cys|516/3591|341/1902|114/633||
chr1,22009784,C,G,MODERATE,missense_variant,CELA3A,G|missense_variant|MODERATE|CELA3A|ENSG00000142789|transcript|ENST00000290122.7|protein_coding|7/8|c.722C>G|p.Ala241Gly|741/887|722/813|241/270||
chr1,24082701,C,T,MODERATE,missense_variant,MYOM3,T|missense_variant|MODERATE|MYOM3|ENSG00000142661|transcript|ENST00000374434.3|protein_coding|17/37|c.1984G>A|p.Gly662Arg|2147/5804|1984/4314|662/1437||
chr1,24120978,G,C,MODERATE,missense_variant,IL22RA1,C|missense_variant|MODERATE|IL22RA1|ENSG00000142677|transcript|ENST00000270800.1|protein_coding|7/7|c.1552C>G|p.Arg518Gly|1591/2798|1552/1725|518/574||
chr1,27382530,C,T,MODERATE,missense_variant,CD164L2,T|missense_variant|MODERATE|CD164L2|ENSG00000174950|transcript|ENST00000374027.7|protein_coding|2/5|c.226G>A|p.Val76Met|290/1457|226/522|76/173||
chr1,27382554,C,T,MODERATE,missense_variant,CD164L2,T|missense_variant|MODERATE|CD164L2|ENSG00000174950|transcript|ENST00000374027.7|protein_coding|2/5|c.202G>A|p.Gly68Arg|266/1457|202/522|68/173||
chr1,31814028,G,A,MODERATE,missense_variant,SPOCD1,A|missense_variant|MODERATE|SPOCD1|ENSG00000134668|transcript|ENST00000360482.6|protein_coding|2/16|c.1306C>T|p.Arg436Trp|1436/3960|1306/3651|436/1216||
chr1,46010915,T,G,MODERATE,missense_variant,MAST2,G|missense_variant|MODERATE|MAST2|ENSG00000086015|transcript|ENST00000361297.6|protein_coding|10/29|c.1164T>G|p.Asp388Glu|1447/5738|1164/5397|388/1798||
chr1,47142179,A,T,MODERATE,missense_variant,CYP4A22,T|missense_variant|MODERATE|CYP4A22|ENSG00000162365|transcript|ENST00000619754.4|protein_coding|4/9|c.454A>T|p.Asn152Tyr|486/2351|454/1074|152/357||
chr1,54807907,G,T,MODERATE,missense_variant,LEXM,T|missense_variant|MODERATE|LEXM|ENSG00000162398|transcript|ENST00000371273.3|protein_coding|4/10|c.376G>T|p.Gly126Cys|391/1651|376/1257|126/418||
chr1,56956811,C,T,MODERATE,missense_variant,C8B,T|missense_variant|MODERATE|C8B|ENSG00000021852|transcript|ENST00000371237.8|protein_coding|3/12|c.349G>A|p.Gly117Arg|416/2037|349/1776|117/591||
chr1,59321678,T,G,MODERATE,missense_variant,FGGY,G|missense_variant|MODERATE|FGGY|ENSG00000172456|transcript|ENST00000371218.8|protein_coding|2/17|c.129T>G|p.Asn43Lys|313/2052|129/1728|43/575||
chr1,61864408,T,G,MODERATE,missense_variant,PATJ,G|missense_variant|MODERATE|PATJ|ENSG00000132849|transcript|ENST00000371158.6|protein_coding|20/43|c.2610T>G|p.Ile870Met|2724/8505|2610/5406|870/1801||
chr1,62178446,A,G,MODERATE,missense_variant,PATJ,G|missense_variant|MODERATE|PATJ|ENSG00000132849|transcript|ENST00000635137.1|protein_coding|17/17|c.1754A>G|p.Asp585Gly|2069/2298|1754/1782|585/593||
chr1,62207365,T,C,MODERATE,missense_variant,L1TD1,C|missense_variant|MODERATE|L1TD1|ENSG00000240563|transcript|ENST00000498273.1|protein_coding|3/4|c.737T>C|p.Val246Ala|1032/3849|737/2598|246/865||
chr1,62247552,C,G,MODERATE,missense_variant,KANK4,G|missense_variant|MODERATE|KANK4|ENSG00000132854|transcript|ENST00000371153.8|protein_coding|9/10|c.2803G>C|p.Val935Leu|3182/4665|2803/2988|935/995||
chr1,64647885,T,C,MODERATE,missense_variant,CACHD1,C|missense_variant|MODERATE|CACHD1|ENSG00000158966|transcript|ENST00000290039.5|protein_coding|9/27|c.1088T>C|p.Met363Thr|1194/5275|1088/3672|363/1223||
chr1,67168129,G,T,MODERATE,missense_variant,IL23R,T|missense_variant|MODERATE|IL23R|ENSG00000162594|transcript|ENST00000347310.9|protein_coding|2/11|c.9G>T|p.Gln3His|180/2912|9/1890|3/629||
chr1,73307365,T,C,HIGH,splice_donor_variant&intron_variant,LINC01360,C|splice_donor_variant&intron_variant|HIGH|LINC01360|ENSG00000233973|transcript|ENST00000440762.5|lincRNA|2/3|n.301+2T>C||||||
chr1,74182645,G,A,MODERATE,missense_variant,LRRIQ3,A|missense_variant|MODERATE|LRRIQ3|ENSG00000162620|transcript|ENST00000370911.7|protein_coding|3/4|c.466C>T|p.His156Tyr|618/1591|466/600|156/199||
chr1,84398573,G,C,MODERATE,missense_variant,DNASE2B,C|missense_variant|MODERATE|DNASE2B|ENSG00000137976|transcript|ENST00000370665.3|protein_coding|1/6|c.9G>C|p.Gln3His|42/1269|9/1086|3/361||
chr1,86092284,G,A,MODERATE,missense_variant,COL24A1,A|missense_variant|MODERATE|COL24A1|ENSG00000171502|transcript|ENST00000370571.6|protein_coding|6/60|c.1636C>T|p.Pro546Ser|2003/6825|1636/5145|546/1714||
chr1,89713184,A,G,MODERATE,missense_variant,LRRC8C,G|missense_variant|MODERATE|LRRC8C|ENSG00000171488|transcript|ENST00000370454.8|protein_coding|3/3|c.614A>G|p.Asp205Gly|869/7218|614/2412|205/803||
chr1,93154836,G,A,MODERATE,missense_variant,TMED5,A|missense_variant|MODERATE|TMED5|ENSG00000117500|transcript|ENST00000370282.7|protein_coding|4/4|c.524C>T|p.Thr175Ile|1010/6104|524/690|175/229||
chr1,108823664,C,T,MODERATE,missense_variant,AKNAD1,T|missense_variant|MODERATE|AKNAD1|ENSG00000162641|transcript|ENST00000370001.7|protein_coding|12/16|c.1961G>A|p.Cys654Tyr|2230/3053|1961/2511|654/836||
chr1,109192794,A,C,MODERATE,missense_variant,KIAA1324,C|missense_variant|MODERATE|KIAA1324|ENSG00000116299|transcript|ENST00000529753.5|protein_coding|12/20|c.1606A>C|p.Thr536Pro|1635/2903|1606/2781|536/926||
chr1,109737079,C,T,MODERATE,missense_variant,GSTM3,T|missense_variant|MODERATE|GSTM3|ENSG00000134202|transcript|ENST00000256594.7|protein_coding|8/8|c.670G>A|p.Val224Ile|899/4046|670/678|224/225||
chr1,111476035,G,A,MODERATE,missense_variant,C1orf162,A|missense_variant|MODERATE|C1orf162|ENSG00000143110|transcript|ENST00000343534.9|protein_coding|2/6|c.7G>A|p.Gly3Ser|257/1107|7/468|3/155||
chr1,115033402,A,G,MODERATE,missense_variant,TSHB,G|missense_variant|MODERATE|TSHB|ENSG00000134200|transcript|ENST00000369517.1|protein_coding|1/2|c.40A>G|p.Thr14Ala|40/474|40/417|14/138||
chr1,115286692,G,A,MODERATE,missense_variant,NGF,A|missense_variant|MODERATE|NGF|ENSG00000134259|transcript|ENST00000369512.2|protein_coding|3/3|c.104C>T|p.Ala35Val|273/1047|104/726|35/241||
chr1,145872994,T,C,MODERATE,missense_variant,ANKRD35,C|missense_variant|MODERATE|ANKRD35|ENSG00000198483|transcript|ENST00000355594.8|protein_coding|10/14|c.1775A>G|p.Gln592Arg|1862/3342|1775/3006|592/1001||
chr1,151132474,G,A,MODERATE,missense_variant,SEMA6C,A|missense_variant|MODERATE|SEMA6C|ENSG00000143434|transcript|ENST00000621728.4|protein_coding|13/13|c.1337C>T|p.Ala446Val|1413/1918|1337/1614|446/537||
chr1,151135661,T,G,MODERATE,missense_variant,SEMA6C,G|missense_variant|MODERATE|SEMA6C|ENSG00000143434|transcript|ENST00000368913.7|protein_coding|14/20|c.1363A>C|p.Thr455Pro|1492/3817|1363/2889|455/962||
chr1,152219638,C,T,MODERATE,missense_variant,HRNR,T|missense_variant|MODERATE|HRNR|ENSG00000197915|transcript|ENST00000368801.2|protein_coding|3/3|c.1991G>A|p.Arg664Gln|2067/9623|1991/8553|664/2850||
chr1,152358764,G,A,MODERATE,missense_variant,FLG2,A|missense_variant|MODERATE|FLG2|ENSG00000143520|transcript|ENST00000388718.5|protein_coding|2/3|c.121C>T|p.Leu41Phe|194/9124|121/7176|41/2391||
chr1,153347896,T,G,MODERATE,missense_variant,PGLYRP4,G|missense_variant|MODERATE|PGLYRP4|ENSG00000163218|transcript|ENST00000359650.9|protein_coding|2/9|c.37A>C|p.Ile13Leu|102/1834|37/1122|13/373||
chr1,158627717,G,C,MODERATE,missense_variant,SPTA1,C|missense_variant|MODERATE|SPTA1|ENSG00000163554|transcript|ENST00000368147.8|protein_coding|40/52|c.5572C>G|p.Leu1858Val|5753/7999|5572/7260|1858/2419||
chr1,158765901,T,C,MODERATE,missense_variant,OR6N1,C|missense_variant|MODERATE|OR6N1|ENSG00000197403|transcript|ENST00000335094.3|protein_coding|1/1|c.782A>G|p.Gln261Arg|782/939|782/939|261/312||
chr1,159439944,G,T,MODERATE,missense_variant,OR10J1,T|missense_variant|MODERATE|OR10J1|ENSG00000196184|transcript|ENST00000423932.4|protein_coding|1/1|c.186G>T|p.Met62Ile|223/1090|186/963|62/320||
chr1,162375301,G,A,MODERATE,missense_variant,C1orf111,A|missense_variant|MODERATE|C1orf111|ENSG00000171722|transcript|ENST00000367935.9|protein_coding|2/3|c.206C>T|p.Ala69Val|286/1711|206/786|69/261||
chr1,167128330,G,A,MODERATE,missense_variant,DUSP27,A|missense_variant|MODERATE|DUSP27|ENSG00000198842|transcript|ENST00000271385.9|protein_coding|6/6|c.3199G>A|p.Asp1067Asn|3319/3597|3199/3477|1067/1158||
chr1,177960852,T,C,MODERATE,missense_variant,SEC16B,C|missense_variant|MODERATE|SEC16B|ENSG00000120341|transcript|ENST00000308284.10|protein_coding|7/26|c.875A>G|p.His292Arg|965/3985|875/3183|292/1060||
chr1,180020607,G,C,MODERATE,missense_variant,CEP350,C|missense_variant|MODERATE|CEP350|ENSG00000135837|transcript|ENST00000367607.7|protein_coding|12/38|c.2833G>C|p.Glu945Gln|3251/13491|2833/9354|945/3117||
chr1,182582202,A,C,MODERATE,missense_variant,RNASEL,C|missense_variant|MODERATE|RNASEL|ENSG00000135828|transcript|ENST00000367559.7|protein_coding|4/7|c.1623T>G|p.Asp541Glu|1877/4238|1623/2226|541/741||
chr1,183125412,T,C,MODERATE,missense_variant,LAMC1,C|missense_variant|MODERATE|LAMC1|ENSG00000135862|transcript|ENST00000258341.4|protein_coding|15/28|c.2663T>C|p.Leu888Pro|2920/7889|2663/4830|888/1609||
chr1,197061891,C,T,MODERATE,missense_variant,F13B,T|missense_variant|MODERATE|F13B|ENSG00000143278|transcript|ENST00000367412.1|protein_coding|3/12|c.344G>A|p.Arg115His|388/2217|344/1986|115/661||
chr1,201206890,A,G,MODERATE,missense_variant,IGFN1,G|missense_variant|MODERATE|IGFN1|ENSG00000163395|transcript|ENST00000335211.8|protein_coding|12/24|c.1997A>G|p.Asp666Gly|2127/11810|1997/11127|666/3708||
chr1,202318078,T,C,MODERATE,missense_variant,LGR6,C|missense_variant|MODERATE|LGR6|ENSG00000133067|transcript|ENST00000367278.7|protein_coding|18/18|c.1775T>C|p.Val592Ala|1864/3567|1775/2904|592/967||
chr1,203039046,G,C,MODERATE,missense_variant,PPFIA4,C|missense_variant|MODERATE|PPFIA4|ENSG00000143847|transcript|ENST00000447715.6|protein_coding|6/35|c.38G>C|p.Arg13Pro|479/6349|38/3558|13/1185||
chr1,207473117,G,A,MODERATE,missense_variant,CR2,A|missense_variant|MODERATE|CR2|ENSG00000117322|transcript|ENST00000367057.7|protein_coding|10/20|c.1916G>A|p.Ser639Asn|2105/4240|1916/3279|639/1092||
chr1,212738494,T,C,MODERATE,missense_variant,NSL1,C|missense_variant|MODERATE|NSL1|ENSG00000117697|transcript|ENST00000366977.7|protein_coding|6/6|c.760A>G|p.Met254Val|779/2317|760/846|254/281||
chr1,215786825,T,G,MODERATE,missense_variant,USH2A,G|missense_variant|MODERATE|USH2A|ENSG00000042781|transcript|ENST00000307340.7|protein_coding|52/72|c.10232A>C|p.Glu3411Ala|10619/18883|10232/15609|3411/5202||
chr1,223111186,A,G,MODERATE,missense_variant,TLR5,G|missense_variant|MODERATE|TLR5|ENSG00000187554|transcript|ENST00000366881.5|protein_coding|6/6|c.1846T>C|p.Phe616Leu|2487/3368|1846/2577|616/858||
chr1,225866633,G,A,MODERATE,missense_variant,TMEM63A,A|missense_variant|MODERATE|TMEM63A|ENSG00000196187|transcript|ENST00000366835.7|protein_coding|9/25|c.616C>T|p.Leu206Phe|887/4098|616/2424|206/807||
chr1,228340862,C,G,MODERATE,missense_variant,OBSCN,G|missense_variant|MODERATE|OBSCN|ENSG00000154358|transcript|ENST00000284548.15|protein_coding|72/81|c.17671C>G|p.Gln5891Glu|17745/20432|17671/19863|5891/6620||
chr1,228372293,C,T,MODERATE,missense_variant,OBSCN,T|missense_variant|MODERATE|OBSCN|ENSG00000154358|transcript|ENST00000366707.9|protein_coding|104/115|c.24386C>T|p.Ala8129Val|24386/26772|24386/26772|8129/8923||
chr1,236555320,T,C,MODERATE,missense_variant,HEATR1,C|missense_variant|MODERATE|HEATR1|ENSG00000119285|transcript|ENST00000366582.7|protein_coding|41/45|c.5899A>G|p.Asn1967Asp|6014/8447|5899/6435|1967/2144||
chr1,236595587,T,C,MODERATE,missense_variant,HEATR1,C|missense_variant|MODERATE|HEATR1|ENSG00000119285|transcript|ENST00000366582.7|protein_coding|8/45|c.1043A>G|p.His348Arg|1158/8447|1043/6435|348/2144||
chr1,241866849,A,G,MODERATE,missense_variant,EXO1,G|missense_variant|MODERATE|EXO1|ENSG00000174371|transcript|ENST00000348581.9|protein_coding|9/14|c.1061A>G|p.His354Arg|1375/3192|1061/2541|354/846||
chr1,241879243,A,G,MODERATE,missense_variant,EXO1,G|missense_variant|MODERATE|EXO1|ENSG00000174371|transcript|ENST00000348581.9|protein_coding|11/14|c.2009A>G|p.Glu670Gly|2323/3192|2009/2541|670/846||
chr1,247589065,A,G,MODERATE,missense_variant,OR2G2,G|missense_variant|MODERATE|OR2G2|ENSG00000177489|transcript|ENST00000320065.1|protein_coding|1/1|c.706A>G|p.Arg236Gly|706/954|706/954|236/317||
chr1,247841473,C,T,MODERATE,missense_variant,OR11L1,T|missense_variant|MODERATE|OR11L1|ENSG00000197591|transcript|ENST00000355784.3|protein_coding|1/1|c.424G>A|p.Ala142Thr|424/969|424/969|142/322||
chr1,247841546,G,C,MODERATE,missense_variant,OR11L1,C|missense_variant|MODERATE|OR11L1|ENSG00000197591|transcript|ENST00000355784.3|protein_coding|1/1|c.351C>G|p.Phe117Leu|351/969|351/969|117/322||
chr1,247841575,C,T,MODERATE,missense_variant,OR11L1,T|missense_variant|MODERATE|OR11L1|ENSG00000197591|transcript|ENST00000355784.3|protein_coding|1/1|c.322G>A|p.Gly108Ser|322/969|322/969|108/322||
chr1,248650779,A,C,MODERATE,missense_variant,OR2T27,C|missense_variant|MODERATE|OR2T27|ENSG00000187701|transcript|ENST00000344889.3|protein_coding|1/1|c.106T>G|p.Leu36Val|106/954|106/954|36/317||
chr1,248682157,C,T,MODERATE,missense_variant,OR14I1,T|missense_variant|MODERATE|OR14I1|ENSG00000189181|transcript|ENST00000342623.4|protein_coding|1/1|c.148G>A|p.Asp50Asn|148/936|148/936|50/311||
chr1,248745207,T,C,MODERATE,missense_variant,LYPD8,C|missense_variant|MODERATE|LYPD8|ENSG00000259823|transcript|ENST00000590317.3|protein_coding|6/7|c.410A>G|p.His137Arg|642/1142|410/714|137/237||
chr2,3514872,T,C,MODERATE,missense_variant,ADI1,C|missense_variant|MODERATE|ADI1|ENSG00000182551|transcript|ENST00000382093.5|protein_coding|1/4|c.38A>G|p.His13Arg|2876/3870|38/522|13/173||
chr2,17761508,T,A,MODERATE,missense_variant,GEN1,A|missense_variant|MODERATE|GEN1|ENSG00000178295|transcript|ENST00000317402.11|protein_coding|3/14|c.274T>A|p.Ser92Thr|399/9854|274/2727|92/908||
chr2,26444747,T,C,MODERATE,missense_variant,DRC1,C|missense_variant|MODERATE|DRC1|ENSG00000157856|transcript|ENST00000288710.6|protein_coding|10/17|c.1195T>C|p.Trp399Arg|1269/2491|1195/2223|399/740||
chr2,27578536,C,G,MODERATE,missense_variant,C2orf16,G|missense_variant|MODERATE|C2orf16|ENSG00000221843|transcript|ENST00000408964.3|protein_coding|1/1|c.1964C>G|p.Thr655Ser|2015/6199|1964/5955|655/1984||
chr2,27578551,C,A,MODERATE,missense_variant,C2orf16,A|missense_variant|MODERATE|C2orf16|ENSG00000221843|transcript|ENST00000408964.3|protein_coding|1/1|c.1979C>A|p.Ala660Glu|2030/6199|1979/5955|660/1984||
chr2,28999204,G,A,MODERATE,missense_variant,FAM179A,A|missense_variant|MODERATE|FAM179A|ENSG00000189350|transcript|ENST00000420297.5|protein_coding|4/4|c.163G>A|p.Ala55Thr|449/493|163/207|55/68||WARNING_TRANSCRIPT_NO_STOP_CODON
chr2,29033508,C,T,MODERATE,missense_variant,FAM179A,T|missense_variant|MODERATE|FAM179A|ENSG00000189350|transcript|ENST00000379558.4|protein_coding|16/20|c.2170C>T|p.Arg724Cys|2521/12691|2170/3060|724/1019||
chr2,42333835,A,G,MODERATE,missense_variant,COX7A2L,G|missense_variant|MODERATE|COX7A2L|ENSG00000115944|transcript|ENST00000468711.5|protein_coding|3/3|c.227T>C|p.Leu76Pro|227/516|227/288|76/95||WARNING_TRANSCRIPT_NO_START_CODON
chr2,73448542,T,G,MODERATE,missense_variant,ALMS1,G|missense_variant|MODERATE|ALMS1|ENSG00000116127|transcript|ENST00000613296.4|protein_coding|8/23|c.2015T>G|p.Val672Gly|2126/12925|2015/12507|672/4168||
chr2,88778200,A,G,HIGH,splice_acceptor_variant&intron_variant,ANKRD36BP2,G|splice_acceptor_variant&intron_variant|HIGH|ANKRD36BP2|ENSG00000230006|transcript|ENST00000421951.5|processed_transcript|3/3|n.536-2A>G||||||
chr2,90190408,C,T,MODERATE,missense_variant,IGKV1D-42,T|missense_variant|MODERATE|IGKV1D-42|ENSG00000211633|transcript|ENST00000390278.3|IG_V_gene|2/2|c.80C>T|p.Thr27Ile|100/373|80/353|27/116||WARNING_TRANSCRIPT_INCOMPLETE
chr2,95938843,A,G,MODERATE,missense_variant,ANKRD36C,G|missense_variant|MODERATE|ANKRD36C|ENSG00000174501|transcript|ENST00000456556.5|protein_coding|22/67|c.1619T>C|p.Leu540Pro|1704/5428|1619/5337|540/1778||
chr2,95938884,A,T,MODERATE,missense_variant,ANKRD36C,T|missense_variant|MODERATE|ANKRD36C|ENSG00000174501|transcript|ENST00000456556.5|protein_coding|22/67|c.1578T>A|p.Ser526Arg|1663/5428|1578/5337|526/1778||
chr2,95945173,T,G,MODERATE,missense_variant&splice_region_variant,ANKRD36C,G|missense_variant&splice_region_variant|MODERATE|ANKRD36C|ENSG00000174501|transcript|ENST00000456556.5|protein_coding|18/67|c.1364A>C|p.Asn455Thr|1449/5428|1364/5337|455/1778||
chr2,95951384,T,C,MODERATE,missense_variant,ANKRD36C,C|missense_variant|MODERATE|ANKRD36C|ENSG00000174501|transcript|ENST00000456556.5|protein_coding|15/67|c.1228A>G|p.Lys410Glu|1313/5428|1228/5337|410/1778||
chr2,97151903,A,G,MODERATE,missense_variant,ANKRD36,G|missense_variant|MODERATE|ANKRD36|ENSG00000135976|transcript|ENST00000420699.6|protein_coding|13/76|c.1126A>G|p.Lys376Glu|1370/6269|1126/5826|376/1941||
chr2,97151910,A,G,MODERATE,missense_variant,ANKRD36,G|missense_variant|MODERATE|ANKRD36|ENSG00000135976|transcript|ENST00000420699.6|protein_coding|13/76|c.1133A>G|p.Lys378Arg|1377/6269|1133/5826|378/1941||
chr2,97151922,C,T,MODERATE,missense_variant,ANKRD36,T|missense_variant|MODERATE|ANKRD36|ENSG00000135976|transcript|ENST00000420699.6|protein_coding|13/76|c.1145C>T|p.Pro382Leu|1389/6269|1145/5826|382/1941||
chr2,97151924,C,T,HIGH,stop_gained,ANKRD36,T|stop_gained|HIGH|ANKRD36|ENSG00000135976|transcript|ENST00000420699.6|protein_coding|13/76|c.1147C>T|p.Arg383*|1391/6269|1147/5826|383/1941||
chr2,97151933,A,G,MODERATE,missense_variant,ANKRD36,G|missense_variant|MODERATE|ANKRD36|ENSG00000135976|transcript|ENST00000420699.6|protein_coding|13/76|c.1156A>G|p.Lys386Glu|1400/6269|1156/5826|386/1941||
chr2,98228211,C,G,MODERATE,missense_variant,VWA3B,G|missense_variant|MODERATE|VWA3B|ENSG00000168658|transcript|ENST00000477737.5|protein_coding|15/28|c.2029C>G|p.Leu677Val|2233/4454|2029/3885|677/1294||
chr2,98236710,G,A,MODERATE,missense_variant,VWA3B,A|missense_variant|MODERATE|VWA3B|ENSG00000168658|transcript|ENST00000477737.5|protein_coding|19/28|c.2653G>A|p.Val885Met|2857/4454|2653/3885|885/1294||
chr2,102351751,C,A,MODERATE,missense_variant,IL1RL1,A|missense_variant|MODERATE|IL1RL1|ENSG00000115602|transcript|ENST00000233954.5|protein_coding|11/11|c.1501C>A|p.Gln501Lys|1772/2058|1501/1671|501/556||
chr2,102351752,A,G,MODERATE,missense_variant,IL1RL1,G|missense_variant|MODERATE|IL1RL1|ENSG00000115602|transcript|ENST00000233954.5|protein_coding|11/11|c.1502A>G|p.Gln501Arg|1773/2058|1502/1671|501/556||
chr2,102351896,C,T,MODERATE,missense_variant,IL1RL1,T|missense_variant|MODERATE|IL1RL1|ENSG00000115602|transcript|ENST00000233954.5|protein_coding|11/11|c.1646C>T|p.Thr549Ile|1917/2058|1646/1671|549/556||
chr2,102351902,T,C,MODERATE,missense_variant,IL1RL1,C|missense_variant|MODERATE|IL1RL1|ENSG00000115602|transcript|ENST00000233954.5|protein_coding|11/11|c.1652T>C|p.Leu551Ser|1923/2058|1652/1671|551/556||
chr2,108483116,C,G,MODERATE,missense_variant,GCC2,G|missense_variant|MODERATE|GCC2|ENSG00000135968|transcript|ENST00000309863.10|protein_coding|12/23|c.3400C>G|p.Gln1134Glu|4114/7537|3400/5055|1134/1684||
chr2,113074756,C,A,MODERATE,missense_variant,IL1F10,A|missense_variant|MODERATE|IL1F10|ENSG00000136697|transcript|ENST00000341010.6|protein_coding|4/5|c.152C>A|p.Ala51Asp|227/1013|152/459|51/152||
chr2,119630836,G,A,MODERATE,missense_variant,CFAP221,A|missense_variant|MODERATE|CFAP221|ENSG00000163075|transcript|ENST00000443972.5|protein_coding|6/12|c.583G>A|p.Val195Ile|585/3294|583/1197|195/398||WARNING_TRANSCRIPT_NO_START_CODON
chr2,141810341,T,C,MODERATE,missense_variant,LRP1B,C|missense_variant|MODERATE|LRP1B|ENSG00000168702|transcript|ENST00000389484.7|protein_coding|2/91|c.143A>G|p.Gln48Arg|1115/16535|143/13800|48/4599||
chr2,151496329,C,G,MODERATE,missense_variant,NEB,G|missense_variant|MODERATE|NEB|ENSG00000183091|transcript|ENST00000172853.14|protein_coding|140/149|c.18865G>C|p.Ala6289Pro|19068/20634|18865/20010|6289/6669||
chr2,151674563,A,G,MODERATE,missense_variant,NEB,G|missense_variant|MODERATE|NEB|ENSG00000183091|transcript|ENST00000172853.14|protein_coding|36/149|c.3901T>C|p.Tyr1301His|4104/20634|3901/20010|1301/6669||
chr2,165761752,C,T,HIGH,splice_donor_variant&intron_variant,GALNT3,T|splice_donor_variant&intron_variant|HIGH|GALNT3|ENSG00000115339|transcript|ENST00000437849.1|nonsense_mediated_decay|3/5|n.266+1G>A||||||
chr2,165941136,C,T,MODERATE,missense_variant,TTC21B,T|missense_variant|MODERATE|TTC21B|ENSG00000123607|transcript|ENST00000243344.7|protein_coding|6/29|c.601G>A|p.Val201Met|739/5482|601/3951|201/1316||
chr2,170404287,A,G,MODERATE,missense_variant,MYO3B,G|missense_variant|MODERATE|MYO3B|ENSG00000071909|transcript|ENST00000408978.8|protein_coding|20/35|c.2318A>G|p.Glu773Gly|2461/5529|2318/4026|773/1341||
chr2,178714366,T,C,MODERATE,missense_variant,TTN,C|missense_variant|MODERATE|TTN|ENSG00000155657|transcript|ENST00000589042.5|protein_coding|91/363|c.26408A>G|p.Asn8803Ser|26633/109224|26408/107976|8803/35991||
chr2,184937020,G,A,MODERATE,missense_variant,ZNF804A,A|missense_variant|MODERATE|ZNF804A|ENSG00000170396|transcript|ENST00000302277.6|protein_coding|4/4|c.1624G>A|p.Glu542Lys|2218/4690|1624/3630|542/1209||
chr2,185793329,G,A,MODERATE,missense_variant,FSIP2,A|missense_variant|MODERATE|FSIP2|ENSG00000188738|transcript|ENST00000343098.9|protein_coding|16/23|c.6460G>A|p.Asp2154Asn|6460/21054|6460/20991|2154/6996||
chr2,190200027,C,T,MODERATE,missense_variant,C2orf88,T|missense_variant|MODERATE|C2orf88|ENSG00000187699|transcript|ENST00000340623.4|protein_coding|2/2|c.167C>T|p.Thr56Ile|578/4035|167/288|56/95||
chr2,201760892,C,T,MODERATE,missense_variant,ALS2,T|missense_variant|MODERATE|ALS2|ENSG00000003393|transcript|ENST00000264276.10|protein_coding|4/34|c.1102G>A|p.Val368Met|1475/6644|1102/4974|368/1657||
chr2,208320256,G,A,MODERATE,missense_variant,PIKFYVE,A|missense_variant|MODERATE|PIKFYVE|ENSG00000115020|transcript|ENST00000264380.8|protein_coding|17/42|c.2087G>A|p.Ser696Asn|2245/9901|2087/6297|696/2098||
chr2,210195326,T,G,MODERATE,missense_variant,ACADL,G|missense_variant|MODERATE|ACADL|ENSG00000115361|transcript|ENST00000233710.3|protein_coding|9/11|c.997A>C|p.Lys333Gln|1225/2543|997/1293|333/430||
chr2,227022057,A,G,MODERATE,missense_variant,COL4A4,G|missense_variant|MODERATE|COL4A4|ENSG00000081052|transcript|ENST00000396625.3|protein_coding|44/48|c.4207T>C|p.Ser1403Pro|4415/9895|4207/5073|1403/1690||
chr2,227270915,C,T,MODERATE,missense_variant,COL4A3,T|missense_variant|MODERATE|COL4A3|ENSG00000169031|transcript|ENST00000396578.7|protein_coding|25/52|c.1721C>T|p.Pro574Leu|1883/8097|1721/5013|574/1670||
chr2,230185999,A,G,MODERATE,missense_variant,SP110,G|missense_variant|MODERATE|SP110|ENSG00000135899|transcript|ENST00000358662.8|protein_coding|11/18|c.1274T>C|p.Leu425Ser|1353/2337|1274/2070|425/689||
chr2,232379271,A,T,MODERATE,missense_variant,ALPP,T|missense_variant|MODERATE|ALPP|ENSG00000163283|transcript|ENST00000392027.2|protein_coding|3/11|c.265A>T|p.Ile89Leu|534/2971|265/1608|89/535||
chr2,232970265,A,G,MODERATE,missense_variant,NGEF,G|missense_variant|MODERATE|NGEF|ENSG00000066248|transcript|ENST00000264051.7|protein_coding|3/15|c.332T>C|p.Met111Thr|611/3215|332/2133|111/710||
chr2,233816856,T,C,MODERATE,missense_variant,MROH2A,C|missense_variant|MODERATE|MROH2A|ENSG00000185038|transcript|ENST00000610772.4|protein_coding|27/42|c.2941T>C|p.Trp981Arg|3034/5324|2941/5067|981/1688||
chr2,238131200,A,G,MODERATE,missense_variant,ESPNL,G|missense_variant|MODERATE|ESPNL|ENSG00000144488|transcript|ENST00000409506.1|protein_coding|4/4|c.1382A>G|p.Gln461Arg|1523/3610|1382/1914|461/637||
chr2,240630832,A,C,MODERATE,missense_variant,GPR35,C|missense_variant|MODERATE|GPR35|ENSG00000178623|transcript|ENST00000407714.1|protein_coding|2/2|c.880A>C|p.Ser294Arg|1208/1258|880/930|294/309||
chr2,240933180,A,G,MODERATE,missense_variant,CROCC2,G|missense_variant|MODERATE|CROCC2|ENSG00000226321|transcript|ENST00000443866.2|protein_coding|10/32|c.1301A>G|p.Gln434Arg|1485/5382|1301/4968|434/1655||
chr3,10260488,G,A,MODERATE,missense_variant,TATDN2,A|missense_variant|MODERATE|TATDN2|ENSG00000157014|transcript|ENST00000287652.8|protein_coding|3/8|c.766G>A|p.Val256Ile|1817/5342|766/2286|256/761||
chr3,13319891,A,G,MODERATE,missense_variant,NUP210,G|missense_variant|MODERATE|NUP210|ENSG00000132182|transcript|ENST00000254508.6|protein_coding|37/40|c.5255T>C|p.Leu1752Ser|5338/7193|5255/5664|1752/1887||
chr3,13358286,G,A,MODERATE,missense_variant,NUP210,A|missense_variant|MODERATE|NUP210|ENSG00000132182|transcript|ENST00000254508.6|protein_coding|16/40|c.2264C>T|p.Ala755Val|2347/7193|2264/5664|755/1887||
chr3,14133762,T,C,MODERATE,missense_variant,TMEM43,C|missense_variant|MODERATE|TMEM43|ENSG00000170876|transcript|ENST00000306077.4|protein_coding|7/12|c.536T>C|p.Met179Thr|790/3341|536/1203|179/400||
chr3,14682906,G,A,MODERATE,missense_variant,C3orf20,A|missense_variant|MODERATE|C3orf20|ENSG00000131379|transcript|ENST00000253697.7|protein_coding|3/17|c.193G>A|p.Asp65Asn|645/3326|193/2715|65/904||
chr3,33014229,A,G,MODERATE,missense_variant,GLB1,G|missense_variant|MODERATE|GLB1|ENSG00000170266|transcript|ENST00000307363.9|protein_coding|15/16|c.1561T>C|p.Cys521Arg|1706/2616|1561/2034|521/677||
chr3,38603929,T,C,MODERATE,missense_variant,SCN5A,C|missense_variant|MODERATE|SCN5A|ENSG00000183873|transcript|ENST00000333535.8|protein_coding|12/28|c.1673A>G|p.His558Arg|1823/8456|1673/6051|558/2016||
chr3,41883906,C,T,MODERATE,missense_variant,ULK4,T|missense_variant|MODERATE|ULK4|ENSG00000168038|transcript|ENST00000420927.5|protein_coding|17/18|c.1624G>A|p.Ala542Thr|1741/1904|1624/1743|542/580||
chr3,43561311,C,T,MODERATE,missense_variant,ANO10,T|missense_variant|MODERATE|ANO10|ENSG00000160746|transcript|ENST00000292246.7|protein_coding|9/13|c.1385G>A|p.Arg462Gln|1556/3212|1385/1983|462/660||
chr3,44242316,C,A,MODERATE,missense_variant,TOPAZ1,A|missense_variant|MODERATE|TOPAZ1|ENSG00000173769|transcript|ENST00000309765.4|protein_coding|1/20|c.263C>A|p.Pro88Gln|431/5334|263/5079|88/1692||
chr3,45011283,G,C,MODERATE,missense_variant,EXOSC7,C|missense_variant|MODERATE|EXOSC7|ENSG00000075914|transcript|ENST00000265564.7|protein_coding|8/8|c.820G>C|p.Val274Leu|868/1055|820/876|274/291||
chr3,47083895,G,A,MODERATE,missense_variant,SETD2,A|missense_variant|MODERATE|SETD2|ENSG00000181555|transcript|ENST00000409792.3|protein_coding|12/21|c.5885C>T|p.Pro1962Leu|5928/8142|5885/7695|1962/2564||
chr3,48378407,C,T,MODERATE,missense_variant,FBXW12,T|missense_variant|MODERATE|FBXW12|ENSG00000164049|transcript|ENST00000296438.9|protein_coding|6/11|c.496C>T|p.Arg166Trp|682/1647|496/1395|166/464||
chr3,52476576,G,A,MODERATE,missense_variant,NISCH,A|missense_variant|MODERATE|NISCH|ENSG00000010322|transcript|ENST00000345716.8|protein_coding|8/21|c.895G>A|p.Val299Ile|1029/5238|895/4515|299/1504||
chr3,69196303,T,C,MODERATE,missense_variant,FRMD4B,C|missense_variant|MODERATE|FRMD4B|ENSG00000114541|transcript|ENST00000398540.7|protein_coding|14/23|c.1186A>G|p.Thr396Ala|1270/5060|1186/3105|396/1034||
chr3,75737204,T,A,MODERATE,missense_variant,ZNF717,A|missense_variant|MODERATE|ZNF717|ENSG00000227124|transcript|ENST00000478296.5|protein_coding|4/4|c.2269A>T|p.Thr757Ser|2546/3875|2269/2595|757/864||
chr3,75737230,T,C,MODERATE,missense_variant,ZNF717,C|missense_variant|MODERATE|ZNF717|ENSG00000227124|transcript|ENST00000478296.5|protein_coding|4/4|c.2243A>G|p.Lys748Arg|2520/3875|2243/2595|748/864||
chr3,75737252,A,T,MODERATE,missense_variant,ZNF717,T|missense_variant|MODERATE|ZNF717|ENSG00000227124|transcript|ENST00000478296.5|protein_coding|4/4|c.2221T>A|p.Cys741Ser|2498/3875|2221/2595|741/864||
chr3,75737609,TC,T,HIGH,frameshift_variant,ZNF717,T|frameshift_variant|HIGH|ZNF717|ENSG00000227124|transcript|ENST00000478296.5|protein_coding|4/4|c.1863delG|p.Asn623fs|2140/3875|1863/2595|621/864||
chr3,75737737,C,T,MODERATE,missense_variant,ZNF717,T|missense_variant|MODERATE|ZNF717|ENSG00000227124|transcript|ENST00000478296.5|protein_coding|4/4|c.1736G>A|p.Arg579His|2013/3875|1736/2595|579/864||
chr3,75738658,T,C,MODERATE,missense_variant,ZNF717,C|missense_variant|MODERATE|ZNF717|ENSG00000227124|transcript|ENST00000478296.5|protein_coding|4/4|c.815A>G|p.Tyr272Cys|1092/3875|815/2595|272/864||
chr3,75738767,C,T,MODERATE,missense_variant,ZNF717,T|missense_variant|MODERATE|ZNF717|ENSG00000227124|transcript|ENST00000478296.5|protein_coding|4/4|c.706G>A|p.Val236Ile|983/3875|706/2595|236/864||
chr3,75738775,T,C,MODERATE,missense_variant,ZNF717,C|missense_variant|MODERATE|ZNF717|ENSG00000227124|transcript|ENST00000478296.5|protein_coding|4/4|c.698A>G|p.Tyr233Cys|975/3875|698/2595|233/864||
chr3,75741362,T,C,MODERATE,missense_variant,ZNF717,C|missense_variant|MODERATE|ZNF717|ENSG00000227124|transcript|ENST00000477374.5|protein_coding|4/6|c.191A>G|p.Tyr64Cys|363/1169|191/345|64/114||
chr3,97646194,G,A,MODERATE,missense_variant,EPHA6,A|missense_variant|MODERATE|EPHA6|ENSG00000080224|transcript|ENST00000514100.5|protein_coding|12/13|c.1036G>A|p.Glu346Lys|1278/1682|1036/1197|346/398||
chr3,98087772,G,A,MODERATE,missense_variant,OR5AC2,A|missense_variant|MODERATE|OR5AC2|ENSG00000196578|transcript|ENST00000358642.2|protein_coding|1/1|c.600G>A|p.Met200Ile|600/930|600/930|200/309||
chr3,108470780,C,T,MODERATE,missense_variant,MYH15,T|missense_variant|MODERATE|MYH15|ENSG00000144821|transcript|ENST00000273353.3|protein_coding|14/42|c.1361G>A|p.Arg454Gln|1418/7074|1361/5841|454/1946||
chr3,112109576,G,A,MODERATE,missense_variant,C3orf52,A|missense_variant|MODERATE|C3orf52|ENSG00000114529|transcript|ENST00000264848.9|protein_coding|4/6|c.430G>A|p.Gly144Ser|489/2277|430/654|144/217||
chr3,112471290,G,T,MODERATE,missense_variant,BTLA,T|missense_variant|MODERATE|BTLA|ENSG00000186265|transcript|ENST00000334529.9|protein_coding|3/5|c.469C>A|p.Arg157Ser|672/3213|469/870|157/289||
chr3,113216266,G,C,MODERATE,missense_variant,BOC,C|missense_variant|MODERATE|BOC|ENSG00000144857|transcript|ENST00000498710.1|protein_coding|2/3|c.55G>C|p.Val19Leu|563/703|55/195|19/64||WARNING_TRANSCRIPT_NO_STOP_CODON
chr3,113954278,A,G,MODERATE,missense_variant,ZDHHC23,G|missense_variant|MODERATE|ZDHHC23|ENSG00000184307|transcript|ENST00000330212.7|protein_coding|3/6|c.740A>G|p.Lys247Arg|1039/3778|740/1230|247/409||
chr3,114236317,T,G,MODERATE,missense_variant,ZNF80,G|missense_variant|MODERATE|ZNF80|ENSG00000174255|transcript|ENST00000619534.1|protein_coding|1/2|c.758A>C|p.Asp253Ala|1262/2216|758/822|253/273||
chr3,119715680,G,C,MODERATE,missense_variant,MAATS1,C|missense_variant|MODERATE|MAATS1|ENSG00000183833|transcript|ENST00000273390.9|protein_coding|6/18|c.619G>C|p.Ala207Pro|696/4433|619/2304|207/767||
chr3,121621689,T,C,MODERATE,missense_variant,FBXO40,C|missense_variant|MODERATE|FBXO40|ENSG00000163833|transcript|ENST00000338040.5|protein_coding|3/4|c.260T>C|p.Val87Ala|674/5929|260/2130|87/709||
chr3,133766289,A,G,MODERATE,missense_variant,TF,G|missense_variant|MODERATE|TF|ENSG00000091513|transcript|ENST00000402696.7|protein_coding|12/17|c.1342A>G|p.Ile448Val|1827/2968|1342/2097|448/698||
chr3,136002009,G,T,MODERATE,missense_variant,PPP2R3A,T|missense_variant|MODERATE|PPP2R3A|ENSG00000073711|transcript|ENST00000264977.7|protein_coding|2/14|c.511G>T|p.Ala171Ser|1128/6795|511/3453|171/1150||
chr3,136003422,A,G,MODERATE,missense_variant,PPP2R3A,G|missense_variant|MODERATE|PPP2R3A|ENSG00000073711|transcript|ENST00000264977.7|protein_coding|2/14|c.1924A>G|p.Ser642Gly|2541/6795|1924/3453|642/1150||
chr3,138088417,G,A,MODERATE,missense_variant,DZIP1L,A|missense_variant|MODERATE|DZIP1L|ENSG00000158163|transcript|ENST00000327532.6|protein_coding|6/16|c.961C>T|p.Arg321Trp|1324/3493|961/2304|321/767||
chr3,140688105,G,A,MODERATE,missense_variant,TRIM42,A|missense_variant|MODERATE|TRIM42|ENSG00000155890|transcript|ENST00000286349.3|protein_coding|3/5|c.1423G>A|p.Val475Met|1614/2539|1423/2172|475/723||
chr3,151827813,G,A,MODERATE,missense_variant,AADAC,A|missense_variant|MODERATE|AADAC|ENSG00000114771|transcript|ENST00000232892.11|protein_coding|5/5|c.841G>A|p.Val281Ile|967/1642|841/1200|281/399||
chr3,169381204,G,A,MODERATE,missense_variant,MECOM,A|missense_variant|MODERATE|MECOM|ENSG00000085276|transcript|ENST00000494292.5|protein_coding|2/16|c.358C>T|p.Pro120Ser|456/3939|358/3693|120/1230||
chr3,175627355,C,G,MODERATE,missense_variant,NAALADL2,G|missense_variant|MODERATE|NAALADL2|ENSG00000177694|transcript|ENST00000454872.5|protein_coding|11/14|c.1865C>G|p.Pro622Arg|1993/9865|1865/2388|622/795||
chr3,183207616,T,C,MODERATE,missense_variant,MCF2L2,C|missense_variant|MODERATE|MCF2L2|ENSG00000053524|transcript|ENST00000328913.7|protein_coding|23/30|c.2704A>G|p.Thr902Ala|3002/4980|2704/3345|902/1114||
chr3,184035989,G,A,MODERATE,missense_variant,HTR3D,A|missense_variant|MODERATE|HTR3D|ENSG00000186090|transcript|ENST00000382489.3|protein_coding|3/8|c.269G>A|p.Arg90Gln|269/1674|269/1365|90/454||
chr3,184100628,G,A,MODERATE,missense_variant,HTR3E,A|missense_variant|MODERATE|HTR3E|ENSG00000186038|transcript|ENST00000440596.2|protein_coding|1/7|c.256G>A|p.Ala86Thr|256/1449|256/1449|86/482||
chr3,184182941,T,C,MODERATE,missense_variant,AP2M1,C|missense_variant|MODERATE|AP2M1|ENSG00000161203|transcript|ENST00000442686.1|protein_coding|3/3|c.316T>C|p.Cys106Arg|316/673|316/369|106/122||WARNING_TRANSCRIPT_NO_START_CODON
chr3,186671770,T,C,MODERATE,missense_variant,HRG,C|missense_variant|MODERATE|HRG|ENSG00000113905|transcript|ENST00000232003.4|protein_coding|4/7|c.539T>C|p.Ile180Thr|619/2015|539/1578|180/525||
chr3,193314137,C,T,MODERATE,missense_variant,ATP13A5,T|missense_variant|MODERATE|ATP13A5|ENSG00000187527|transcript|ENST00000342358.8|protein_coding|19/30|c.2215G>A|p.Gly739Ser|2333/4027|2215/3657|739/1218||
chr3,194653103,T,C,MODERATE,missense_variant,LSG1,C|missense_variant|MODERATE|LSG1|ENSG00000041802|transcript|ENST00000265245.9|protein_coding|8/14|c.799A>G|p.Lys267Glu|1114/3572|799/1977|267/658||
chr4,383099,C,A,MODERATE,missense_variant,ZNF141,A|missense_variant|MODERATE|ZNF141|ENSG00000131127|transcript|ENST00000512994.5|protein_coding|5/5|c.575C>A|p.Ser192Tyr|739/1611|575/606|192/201||
chr4,2304326,A,G,MODERATE,missense_variant,ZFYVE28,G|missense_variant|MODERATE|ZFYVE28|ENSG00000159733|transcript|ENST00000290974.6|protein_coding|8/13|c.2014T>C|p.Ser672Pro|2354/4131|2014/2664|672/887||
chr4,6954332,T,C,MODERATE,missense_variant,TBC1D14,C|missense_variant|MODERATE|TBC1D14|ENSG00000132405|transcript|ENST00000410031.5|protein_coding|1/13|c.32T>C|p.Met11Thr|113/4201|32/1398|11/465||
chr4,7433331,C,T,MODERATE,missense_variant,PSAPL1,T|missense_variant|MODERATE|PSAPL1|ENSG00000178597|transcript|ENST00000319098.6|protein_coding|1/1|c.1549G>A|p.Ala517Thr|1643/4680|1549/1566|517/521||
chr4,7433759,G,T,MODERATE,missense_variant,PSAPL1,T|missense_variant|MODERATE|PSAPL1|ENSG00000178597|transcript|ENST00000319098.6|protein_coding|1/1|c.1121C>A|p.Ala374Glu|1215/4680|1121/1566|374/521||
chr4,8614452,T,C,MODERATE,missense_variant,CPZ,C|missense_variant|MODERATE|CPZ|ENSG00000109625|transcript|ENST00000360986.8|protein_coding|9/11|c.1457T>C|p.Ile486Thr|1631/2267|1457/1959|486/652||
chr4,10444761,C,T,MODERATE,missense_variant,ZNF518B,T|missense_variant|MODERATE|ZNF518B|ENSG00000178163|transcript|ENST00000326756.3|protein_coding|3/3|c.1568G>A|p.Ser523Asn|2007/6894|1568/3225|523/1074||
chr4,37902135,T,C,MODERATE,missense_variant,TBC1D1,C|missense_variant|MODERATE|TBC1D1|ENSG00000065882|transcript|ENST00000261439.8|protein_coding|2/20|c.40T>C|p.Ser14Pro|395/5700|40/3507|14/1168||
chr4,39062542,A,C,MODERATE,missense_variant,KLHL5,C|missense_variant|MODERATE|KLHL5|ENSG00000109790|transcript|ENST00000381930.7|protein_coding|1/10|c.28A>C|p.Ile10Leu|103/3288|28/2274|10/757||
chr4,40354405,A,G,MODERATE,missense_variant,CHRNA9,G|missense_variant|MODERATE|CHRNA9|ENSG00000174343|transcript|ENST00000310169.2|protein_coding|5/5|c.1325A>G|p.Asn442Ser|1464/2276|1325/1440|442/479||
chr4,52072077,T,C,MODERATE,missense_variant,SPATA18,C|missense_variant|MODERATE|SPATA18|ENSG00000163071|transcript|ENST00000295213.8|protein_coding|6/13|c.679T>C|p.Ser227Pro|1053/4396|679/1617|227/538||
chr4,55452295,G,A,MODERATE,missense_variant,TMEM165,A|missense_variant|MODERATE|TMEM165|ENSG00000134851|transcript|ENST00000608091.1|protein_coding|4/4|c.463G>A|p.Glu155Lys|465/1567|463/474|155/157||WARNING_TRANSCRIPT_NO_START_CODON
chr4,70335671,C,T,MODERATE,missense_variant,CABS1,T|missense_variant|MODERATE|CABS1|ENSG00000145309|transcript|ENST00000273936.5|protein_coding|1/2|c.632C>T|p.Thr211Ile|706/1532|632/1188|211/395||
chr4,72548569,C,T,MODERATE,missense_variant,ADAMTS3,T|missense_variant|MODERATE|ADAMTS3|ENSG00000156140|transcript|ENST00000286657.9|protein_coding|3/22|c.413G>A|p.Arg138Lys|1037/6409|413/3618|138/1205||
chr4,76896721,G,T,MODERATE,missense_variant,SOWAHB,T|missense_variant|MODERATE|SOWAHB|ENSG00000186212|transcript|ENST00000334306.3|protein_coding|1/1|c.1129C>A|p.Pro377Thr|1427/3220|1129/2382|377/793||
chr4,78363540,C,T,MODERATE,missense_variant,FRAS1,T|missense_variant|MODERATE|FRAS1|ENSG00000138759|transcript|ENST00000325942.10|protein_coding|21/42|c.2450C>T|p.Ala817Val|2890/7142|2450/5931|817/1976||
chr4,78466310,A,G,MODERATE,missense_variant,FRAS1,G|missense_variant|MODERATE|FRAS1|ENSG00000138759|transcript|ENST00000512123.3|protein_coding|50/74|c.7132A>G|p.Lys2378Glu|7572/15624|7132/12039|2378/4012||
chr4,78522696,G,A,MODERATE,missense_variant,FRAS1,A|missense_variant|MODERATE|FRAS1|ENSG00000138759|transcript|ENST00000512123.3|protein_coding|69/74|c.10696G>A|p.Val3566Ile|11136/15624|10696/12039|3566/4012||
chr4,81046034,C,T,MODERATE,missense_variant,BMP3,T|missense_variant|MODERATE|BMP3|ENSG00000152785|transcript|ENST00000282701.2|protein_coding|2/3|c.613C>T|p.Leu205Phe|933/5734|613/1419|205/472||
chr4,81635882,G,A,MODERATE,missense_variant,RASGEF1B,A|missense_variant|MODERATE|RASGEF1B|ENSG00000138670|transcript|ENST00000512343.5|protein_coding|4/5|c.187C>T|p.Pro63Ser|362/498|187/222|63/73||
chr4,82917109,G,T,MODERATE,missense_variant,THAP9,T|missense_variant|MODERATE|THAP9|ENSG00000168152|transcript|ENST00000302236.9|protein_coding|5/5|c.897G>T|p.Leu299Phe|948/3808|897/2712|299/903||
chr4,87661983,A,T,MODERATE,missense_variant,DMP1,T|missense_variant|MODERATE|DMP1|ENSG00000152592|transcript|ENST00000339673.10|protein_coding|6/6|c.205A>T|p.Ser69Cys|304/2682|205/1542|69/513||
chr4,88475940,A,G,MODERATE,missense_variant,HERC5,G|missense_variant|MODERATE|HERC5|ENSG00000138646|transcript|ENST00000264350.7|protein_coding|12/23|c.1492A>G|p.Met498Val|1645/3513|1492/3075|498/1024||
chr4,99127263,T,C,MODERATE,missense_variant,ADH4,C|missense_variant|MODERATE|ADH4|ENSG00000198099|transcript|ENST00000265512.11|protein_coding|7/9|c.925A>G|p.Ile309Val|1000/1993|925/1143|309/380||
chr4,102635920,G,A,MODERATE,missense_variant,MANBA,A|missense_variant|MODERATE|MANBA|ENSG00000109323|transcript|ENST00000226578.8|protein_coding|15/17|c.2102C>T|p.Thr701Met|2202/2904|2102/2640|701/879||
chr4,121821062,T,C,MODERATE,missense_variant,CCNA2,C|missense_variant|MODERATE|CCNA2|ENSG00000145386|transcript|ENST00000274026.9|protein_coding|3/8|c.487A>G|p.Ile163Val|791/2797|487/1299|163/432||
chr4,122917603,A,G,MODERATE,missense_variant,NUDT6,G|missense_variant|MODERATE|NUDT6|ENSG00000170917|transcript|ENST00000304430.9|protein_coding|2/5|c.340T>C|p.Cys114Arg|374/1169|340/951|114/316||
chr4,146903712,G,A,MODERATE,missense_variant,TTC29,A|missense_variant|MODERATE|TTC29|ENSG00000137473|transcript|ENST00000325106.8|protein_coding|6/13|c.418C>T|p.His140Tyr|645/1785|418/1428|140/475||
chr4,177360600,G,A,MODERATE,missense_variant,NEIL3,A|missense_variant|MODERATE|NEIL3|ENSG00000109674|transcript|ENST00000264596.3|protein_coding|9/10|c.1558G>A|p.Gly520Arg|1676/2408|1558/1818|520/605||
chr5,468611,T,C,HIGH,splice_donor_variant&intron_variant,EXOC3,C|splice_donor_variant&intron_variant|HIGH|EXOC3|ENSG00000180104|transcript|ENST00000515601.6|nonsense_mediated_decay|9/11|n.*3135+2T>C||||||
chr5,766795,C,T,MODERATE,missense_variant,ZDHHC11B,T|missense_variant|MODERATE|ZDHHC11B|ENSG00000206077|transcript|ENST00000508859.6|protein_coding|1/11|c.158G>A|p.Arg53Gln|158/1631|158/1149|53/382||
chr5,795949,T,C,MODERATE,missense_variant,ZDHHC11,C|missense_variant|MODERATE|ZDHHC11|ENSG00000188818|transcript|ENST00000424784.3|protein_coding|7/11|c.461A>G|p.Glu154Gly|610/943|461/642|154/213||
chr5,13944403,A,C,MODERATE,missense_variant,DNAH5,C|missense_variant|MODERATE|DNAH5|ENSG00000039139|transcript|ENST00000265104.4|protein_coding|1/79|c.36T>G|p.His12Gln|141/15633|36/13875|12/4624||
chr5,31538585,A,C,MODERATE,missense_variant,C5orf22,C|missense_variant|MODERATE|C5orf22|ENSG00000082213|transcript|ENST00000325366.13|protein_coding|4/9|c.703A>C|p.Thr235Pro|830/3612|703/1329|235/442||
chr5,39376886,C,T,MODERATE,missense_variant,DAB2,T|missense_variant|MODERATE|DAB2|ENSG00000153071|transcript|ENST00000320816.10|protein_coding|12/15|c.1901G>A|p.Ser634Asn|2369/4534|1901/2313|634/770||
chr5,40964750,A,C,MODERATE,missense_variant,C7,C|missense_variant|MODERATE|C7|ENSG00000112936|transcript|ENST00000313164.9|protein_coding|14/18|c.1759A>C|p.Thr587Pro|2118/4257|1759/2532|587/843||
chr5,41048431,C,T,MODERATE,missense_variant,MROH2B,T|missense_variant|MODERATE|MROH2B|ENSG00000171495|transcript|ENST00000399564.4|protein_coding|16/42|c.1577G>A|p.Arg526His|2028/5239|1577/4758|526/1585||
chr5,41061614,A,G,MODERATE,missense_variant,MROH2B,G|missense_variant|MODERATE|MROH2B|ENSG00000171495|transcript|ENST00000399564.4|protein_coding|6/42|c.571T>C|p.Trp191Arg|1022/5239|571/4758|191/1585||
chr5,77063199,C,A,MODERATE,missense_variant,AGGF1,A|missense_variant|MODERATE|AGGF1|ENSG00000164252|transcript|ENST00000312916.11|protein_coding|14/14|c.2092C>A|p.Pro698Thr|2474/4509|2092/2145|698/714||
chr5,80438478,T,C,MODERATE,missense_variant,ZFYVE16,C|missense_variant|MODERATE|ZFYVE16|ENSG00000039319|transcript|ENST00000338008.9|protein_coding|3/18|c.1793T>C|p.Ile598Thr|1973/6773|1793/4620|598/1539||
chr5,90694507,A,G,MODERATE,missense_variant,ADGRV1,G|missense_variant|MODERATE|ADGRV1|ENSG00000164199|transcript|ENST00000405460.6|protein_coding|33/90|c.7751A>G|p.Asn2584Ser|7847/19338|7751/18921|2584/6306||
chr5,109378597,T,C,MODERATE,missense_variant,PJA2,C|missense_variant|MODERATE|PJA2|ENSG00000198961|transcript|ENST00000361189.6|protein_coding|4/10|c.890A>G|p.Gln297Arg|1130/4889|890/2127|297/708||
chr5,112209973,C,G,MODERATE,missense_variant,EPB41L4A,G|missense_variant|MODERATE|EPB41L4A|ENSG00000129595|transcript|ENST00000261486.5|protein_coding|13/23|c.1097G>C|p.Ser366Thr|1374/4707|1097/2061|366/686||
chr5,128349443,C,T,MODERATE,missense_variant,FBN2,T|missense_variant|MODERATE|FBN2|ENSG00000138829|transcript|ENST00000262464.8|protein_coding|23/65|c.2893G>A|p.Val965Ile|3332/10724|2893/8739|965/2912||
chr5,132340627,C,T,MODERATE,missense_variant,SLC22A4,T|missense_variant|MODERATE|SLC22A4|ENSG00000197208|transcript|ENST00000200652.3|protein_coding|9/10|c.1507C>T|p.Leu503Phe|1681/2201|1507/1656|503/551||
chr5,135951340,T,C,MODERATE,missense_variant,LECT2,C|missense_variant|MODERATE|LECT2|ENSG00000145826|transcript|ENST00000274507.5|protein_coding|3/4|c.172A>G|p.Ile58Val|373/1077|172/456|58/151||
chr5,140928384,C,G,MODERATE,missense_variant,PCDHAC1,G|missense_variant|MODERATE|PCDHAC1|ENSG00000248383|transcript|ENST00000253807.2|protein_coding|1/4|c.1492C>G|p.Leu498Val|1492/5299|1492/2892|498/963||
chr5,141101254,C,G,MODERATE,missense_variant,PCDHB3,G|missense_variant|MODERATE|PCDHB3|ENSG00000113205|transcript|ENST00000231130.3|protein_coding|1/1|c.605C>G|p.Pro202Arg|782/3355|605/2391|202/796||
chr5,150205462,A,C,MODERATE,missense_variant,SLC6A7,C|missense_variant|MODERATE|SLC6A7|ENSG00000011083|transcript|ENST00000230671.6|protein_coding|13/14|c.1540A>C|p.Met514Leu|1911/3739|1540/1911|514/636||
chr5,157737954,T,C,MODERATE,missense_variant,THG1L,C|missense_variant|MODERATE|THG1L|ENSG00000113272|transcript|ENST00000231198.11|protein_coding|5/6|c.695T>C|p.Leu232Pro|939/3107|695/897|232/298||
chr5,160670489,A,G,MODERATE,missense_variant,ATP10B,G|missense_variant|MODERATE|ATP10B|ENSG00000118322|transcript|ENST00000327245.9|protein_coding|7/26|c.649T>C|p.Cys217Arg|1496/7566|649/4386|217/1461||
chr5,180911368,A,G,MODERATE,missense_variant,BTNL8,G|missense_variant|MODERATE|BTNL8|ENSG00000113303|transcript|ENST00000340184.8|protein_coding|3/8|c.427A>G|p.Thr143Ala|633/2071|427/1503|143/500||
chr6,656143,C,A,MODERATE,missense_variant,HUS1B,A|missense_variant|MODERATE|HUS1B|ENSG00000188996|transcript|ENST00000380907.2|protein_coding|1/1|c.802G>T|p.Asp268Tyr|821/1025|802/837|268/278||
chr6,6174633,G,A,MODERATE,missense_variant,F13A1,A|missense_variant|MODERATE|F13A1|ENSG00000124491|transcript|ENST00000264870.7|protein_coding|12/15|c.1694C>T|p.Pro565Leu|1960/3999|1694/2199|565/732||
chr6,7231610,G,A,MODERATE,missense_variant,RREB1,A|missense_variant|MODERATE|RREB1|ENSG00000124782|transcript|ENST00000379938.6|protein_coding|10/13|c.3511G>A|p.Asp1171Asn|4048/8778|3511/5229|1171/1742||
chr6,10955175,C,T,MODERATE,missense_variant,SYCP2L,T|missense_variant|MODERATE|SYCP2L|ENSG00000153157|transcript|ENST00000283141.10|protein_coding|24/30|c.2014C>T|p.Pro672Ser|2310/3130|2014/2439|672/812||
chr6,25812922,G,A,MODERATE,missense_variant,SLC17A1,A|missense_variant|MODERATE|SLC17A1|ENSG00000124568|transcript|ENST00000476801.5|protein_coding|8/12|c.806C>T|p.Thr269Ile|904/1704|806/1404|269/467||
chr6,35955469,T,C,MODERATE,missense_variant,SLC26A8,C|missense_variant|MODERATE|SLC26A8|ENSG00000112053|transcript|ENST00000490799.5|protein_coding|17/20|c.1915A>G|p.Ile639Val|2269/3653|1915/2913|639/970||
chr6,38805517,G,A,MODERATE,missense_variant,DNAH8,A|missense_variant|MODERATE|DNAH8|ENSG00000124721|transcript|ENST00000359357.7|protein_coding|21/91|c.2420G>A|p.Gly807Glu|2674/13864|2420/13473|807/4490||
chr6,41137356,T,G,HIGH,splice_acceptor_variant&intron_variant,ADCY10P1,G|splice_acceptor_variant&intron_variant|HIGH|ADCY10P1|ENSG00000161912|transcript|ENST00000567255.2|processed_transcript|19/22|n.3795-1T>G||||||
chr6,42155579,A,C,MODERATE,missense_variant,RP1-139D8.6,C|missense_variant|MODERATE|RP1-139D8.6|ENSG00000214732|transcript|ENST00000372963.2|protein_coding|1/2|c.40A>C|p.Met14Leu|134/647|40/384|14/127||
chr6,42886104,A,G,MODERATE,missense_variant,RPL7L1,G|missense_variant|MODERATE|RPL7L1|ENSG00000146223|transcript|ENST00000602561.1|protein_coding|5/5|c.553A>G|p.Ile185Val|558/703|553/591|185/196||
chr6,46866948,G,A,MODERATE,missense_variant,ADGRF5,A|missense_variant|MODERATE|ADGRF5|ENSG00000069122|transcript|ENST00000265417.7|protein_coding|13/21|c.1811C>T|p.Thr604Met|2045/5668|1811/4041|604/1346||
chr6,47659097,C,A,MODERATE,missense_variant,ADGRF2,A|missense_variant|MODERATE|ADGRF2|ENSG00000164393|transcript|ENST00000296862.5|protein_coding|2/6|c.212C>A|p.Pro71His|212/2127|212/2127|71/708||
chr6,47679106,A,G,MODERATE,missense_variant,ADGRF2,G|missense_variant|MODERATE|ADGRF2|ENSG00000164393|transcript|ENST00000296862.5|protein_coding|4/6|c.443A>G|p.Gln148Arg|443/2127|443/2127|148/708||
chr6,47681958,A,G,MODERATE,missense_variant,ADGRF2,G|missense_variant|MODERATE|ADGRF2|ENSG00000164393|transcript|ENST00000296862.5|protein_coding|6/6|c.1399A>G|p.Ile467Val|1399/2127|1399/2127|467/708||
chr6,47714868,A,C,MODERATE,missense_variant,ADGRF4,C|missense_variant|MODERATE|ADGRF4|ENSG00000153294|transcript|ENST00000283303.2|protein_coding|6/10|c.1623A>C|p.Lys541Asn|1881/3162|1623/2088|541/695||
chr6,49435569,T,C,MODERATE,missense_variant,MUT,C|missense_variant|MODERATE|MUT|ENSG00000146085|transcript|ENST00000274813.3|protein_coding|12/13|c.2011A>G|p.Ile671Val|2139/3749|2011/2253|671/750||
chr6,49444720,C,T,MODERATE,missense_variant,MUT,T|missense_variant|MODERATE|MUT|ENSG00000146085|transcript|ENST00000274813.3|protein_coding|9/13|c.1595G>A|p.Arg532His|1723/3749|1595/2253|532/750||
chr6,51619163,T,C,MODERATE,missense_variant,PKHD1,C|missense_variant|MODERATE|PKHD1|ENSG00000170927|transcript|ENST00000371117.7|protein_coding|67/67|c.12143A>G|p.Gln4048Arg|12419/16282|12143/12225|4048/4074||
chr6,56552484,C,T,MODERATE,missense_variant,DST,T|missense_variant|MODERATE|DST|ENSG00000151914|transcript|ENST00000244364.10|protein_coding|42/84|c.8439G>A|p.Met2813Ile|8647/16742|8439/15516|2813/5171||
chr6,79518824,A,G,MODERATE,missense_variant,LCA5,G|missense_variant|MODERATE|LCA5|ENSG00000135338|transcript|ENST00000369846.8|protein_coding|2/8|c.71T>C|p.Leu24Ser|506/4542|71/2094|24/697||
chr6,99371503,T,C,MODERATE,missense_variant,COQ3,C|missense_variant|MODERATE|COQ3|ENSG00000132423|transcript|ENST00000254759.7|protein_coding|6/7|c.814A>G|p.Ser272Gly|839/1335|814/1110|272/369||
chr6,100516271,G,C,MODERATE,missense_variant,ASCC3,C|missense_variant|MODERATE|ASCC3|ENSG00000112249|transcript|ENST00000369162.6|protein_coding|39/42|c.5984C>G|p.Ser1995Cys|6329/8146|5984/6609|1995/2202||
chr6,108879926,A,C,HIGH,splice_acceptor_variant&intron_variant,ARMC2,C|splice_acceptor_variant&intron_variant|HIGH|ARMC2|ENSG00000118690|transcript|ENST00000414610.1|protein_coding|2/2|c.225-2A>C||||||WARNING_TRANSCRIPT_NO_START_CODON
chr6,109284465,G,A,HIGH,splice_acceptor_variant&intron_variant,CCDC162P,A|splice_acceptor_variant&intron_variant|HIGH|CCDC162P|ENSG00000203799|transcript|ENST00000368966.9|unitary_pseudogene|24/46|n.3516-2G>A||||||
chr6,118566140,T,C,MODERATE,missense_variant,CEP85L,C|missense_variant|MODERATE|CEP85L|ENSG00000111860|transcript|ENST00000368491.7|protein_coding|3/13|c.409A>G|p.Ser137Gly|1031/7673|409/2418|137/805||
chr6,135202445,T,C,MODERATE,missense_variant,MYB,C|missense_variant|MODERATE|MYB|ENSG00000118513|transcript|ENST00000316528.12|protein_coding|14/17|c.1730T>C|p.Leu577Pro|1929/3571|1730/2181|577/726||
chr6,151573205,C,T,MODERATE,missense_variant,CCDC170,T|missense_variant|MODERATE|CCDC170|ENSG00000120262|transcript|ENST00000239374.7|protein_coding|6/11|c.806C>T|p.Ala269Val|905/5293|806/2148|269/715||
chr6,158096276,A,G,MODERATE,missense_variant,SYNJ2,G|missense_variant|MODERATE|SYNJ2|ENSG00000078269|transcript|ENST00000355585.8|protein_coding|27/27|c.4403A>G|p.Glu1468Gly|4478/7378|4403/4491|1468/1496||
chr6,168081430,C,T,MODERATE,missense_variant,FRMD1,T|missense_variant|MODERATE|FRMD1|ENSG00000153303|transcript|ENST00000511714.2|protein_coding|1/5|c.109G>A|p.Val37Ile|128/606|109/587|37/194||WARNING_TRANSCRIPT_INCOMPLETE
chr6,168294665,G,A,MODERATE,missense_variant,DACT2,A|missense_variant|MODERATE|DACT2|ENSG00000164488|transcript|ENST00000366796.7|protein_coding|4/6|c.698C>T|p.Pro233Leu|819/2028|698/843|233/280||
chr7,6643823,A,G,MODERATE,missense_variant&splice_region_variant,ZNF316,G|missense_variant&splice_region_variant|MODERATE|ZNF316|ENSG00000205903|transcript|ENST00000382252.5|protein_coding|7/9|c.467A>G|p.Glu156Gly|1023/5392|467/3015|156/1004||
chr7,11541494,T,C,MODERATE,missense_variant,THSD7A,C|missense_variant|MODERATE|THSD7A|ENSG00000005108|transcript|ENST00000423059.8|protein_coding|6/28|c.1747A>G|p.Asn583Asp|1999/10663|1747/4974|583/1657||
chr7,12337185,A,C,MODERATE,missense_variant,VWDE,C|missense_variant|MODERATE|VWDE|ENSG00000146530|transcript|ENST00000614403.4|protein_coding|22/26|c.2816T>G|p.Phe939Cys|4116/4701|2816/2835|939/944||
chr7,12596401,T,C,MODERATE,missense_variant,SCIN,C|missense_variant|MODERATE|SCIN|ENSG00000006747|transcript|ENST00000518849.1|protein_coding|2/4|c.14T>C|p.Met5Thr|277/536|14/273|5/90||WARNING_TRANSCRIPT_NO_STOP_CODON
chr7,30791466,C,T,MODERATE,missense_variant,FAM188B,T|missense_variant|MODERATE|FAM188B|ENSG00000106125|transcript|ENST00000265299.6|protein_coding|5/18|c.965C>T|p.Thr322Met|1042/2733|965/2274|322/757||
chr7,37894544,T,C,MODERATE,missense_variant,NME8,C|missense_variant|MODERATE|NME8|ENSG00000086288|transcript|ENST00000199447.8|protein_coding|16/18|c.1478T>C|p.Ile493Thr|1850/2312|1478/1767|493/588||
chr7,44760577,G,T,MODERATE,missense_variant,ZMIZ2,T|missense_variant|MODERATE|ZMIZ2|ENSG00000122515|transcript|ENST00000413916.5|protein_coding|8/18|c.1050G>T|p.Leu350Phe|1163/3773|1050/2589|350/862||
chr7,100562641,T,C,MODERATE,missense_variant,AGFG2,C|missense_variant|MODERATE|AGFG2|ENSG00000106351|transcript|ENST00000300176.8|protein_coding|8/12|c.1046T>C|p.Met349Thr|1168/4796|1046/1446|349/481||
chr7,100755390,TACA,T,MODERATE,conservative_inframe_deletion,ZAN,T|conservative_inframe_deletion|MODERATE|ZAN|ENSG00000146839|transcript|ENST00000613979.4|protein_coding|15/48|c.3295_3297delAAC|p.Asn1099del|3460/8669|3295/8439|1099/2812||INFO_REALIGN_3_PRIME
chr7,100951933,G,T,MODERATE,missense_variant,MUC3A,T|missense_variant|MODERATE|MUC3A|ENSG00000169894|transcript|ENST00000379458.8|protein_coding|2/12|c.154G>T|p.Asp52Tyr|224/11226|154/9972|52/3323||
chr7,100951943,G,A,MODERATE,missense_variant,MUC3A,A|missense_variant|MODERATE|MUC3A|ENSG00000169894|transcript|ENST00000379458.8|protein_coding|2/12|c.164G>A|p.Gly55Glu|234/11226|164/9972|55/3323||
chr7,100952147,C,T,MODERATE,missense_variant,MUC3A,T|missense_variant|MODERATE|MUC3A|ENSG00000169894|transcript|ENST00000379458.8|protein_coding|2/12|c.368C>T|p.Ser123Leu|438/11226|368/9972|123/3323||
chr7,100952233,G,A,MODERATE,missense_variant,MUC3A,A|missense_variant|MODERATE|MUC3A|ENSG00000169894|transcript|ENST00000379458.8|protein_coding|2/12|c.454G>A|p.Ala152Thr|524/11226|454/9972|152/3323||
chr7,100952563,T,A,MODERATE,missense_variant,MUC3A,A|missense_variant|MODERATE|MUC3A|ENSG00000169894|transcript|ENST00000379458.8|protein_coding|2/12|c.784T>A|p.Ser262Thr|854/11226|784/9972|262/3323||
chr7,100952605,G,A,MODERATE,missense_variant,MUC3A,A|missense_variant|MODERATE|MUC3A|ENSG00000169894|transcript|ENST00000379458.8|protein_coding|2/12|c.826G>A|p.Ala276Thr|896/11226|826/9972|276/3323||
chr7,100952756,G,C,MODERATE,missense_variant,MUC3A,C|missense_variant|MODERATE|MUC3A|ENSG00000169894|transcript|ENST00000379458.8|protein_coding|2/12|c.977G>C|p.Ser326Thr|1047/11226|977/9972|326/3323||
chr7,100952788,A,C,MODERATE,missense_variant,MUC3A,C|missense_variant|MODERATE|MUC3A|ENSG00000169894|transcript|ENST00000379458.8|protein_coding|2/12|c.1009A>C|p.Thr337Pro|1079/11226|1009/9972|337/3323||
chr7,100954123,G,A,MODERATE,missense_variant,MUC3A,A|missense_variant|MODERATE|MUC3A|ENSG00000169894|transcript|ENST00000379458.8|protein_coding|2/12|c.2344G>A|p.Val782Ile|2414/11226|2344/9972|782/3323||
chr7,100954136,C,G,MODERATE,missense_variant,MUC3A,G|missense_variant|MODERATE|MUC3A|ENSG00000169894|transcript|ENST00000379458.8|protein_coding|2/12|c.2357C>G|p.Ala786Gly|2427/11226|2357/9972|786/3323||
chr7,100954205,T,G,MODERATE,missense_variant,MUC3A,G|missense_variant|MODERATE|MUC3A|ENSG00000169894|transcript|ENST00000379458.8|protein_coding|2/12|c.2426T>G|p.Met809Arg|2496/11226|2426/9972|809/3323||
chr7,100954210,T,C,MODERATE,missense_variant,MUC3A,C|missense_variant|MODERATE|MUC3A|ENSG00000169894|transcript|ENST00000379458.8|protein_coding|2/12|c.2431T>C|p.Ser811Pro|2501/11226|2431/9972|811/3323||
chr7,100954217,C,G,MODERATE,missense_variant,MUC3A,G|missense_variant|MODERATE|MUC3A|ENSG00000169894|transcript|ENST00000379458.8|protein_coding|2/12|c.2438C>G|p.Thr813Ser|2508/11226|2438/9972|813/3323||
chr7,100954219,G,C,MODERATE,missense_variant,MUC3A,C|missense_variant|MODERATE|MUC3A|ENSG00000169894|transcript|ENST00000379458.8|protein_coding|2/12|c.2440G>C|p.Val814Leu|2510/11226|2440/9972|814/3323||
chr7,100954229,G,A,MODERATE,missense_variant,MUC3A,A|missense_variant|MODERATE|MUC3A|ENSG00000169894|transcript|ENST00000379458.8|protein_coding|2/12|c.2450G>A|p.Gly817Asp|2520/11226|2450/9972|817/3323||
chr7,100954601,T,C,MODERATE,missense_variant,MUC3A,C|missense_variant|MODERATE|MUC3A|ENSG00000169894|transcript|ENST00000379458.8|protein_coding|2/12|c.2822T>C|p.Val941Ala|2892/11226|2822/9972|941/3323||
chr7,100955587,G,C,MODERATE,missense_variant,MUC3A,C|missense_variant|MODERATE|MUC3A|ENSG00000169894|transcript|ENST00000379458.8|protein_coding|2/12|c.3808G>C|p.Asp1270His|3878/11226|3808/9972|1270/3323||
chr7,100956404,C,A,MODERATE,missense_variant,MUC3A,A|missense_variant|MODERATE|MUC3A|ENSG00000169894|transcript|ENST00000379458.8|protein_coding|2/12|c.4625C>A|p.Pro1542His|4695/11226|4625/9972|1542/3323||
chr7,100956488,G,A,MODERATE,missense_variant,MUC3A,A|missense_variant|MODERATE|MUC3A|ENSG00000169894|transcript|ENST00000379458.8|protein_coding|2/12|c.4709G>A|p.Gly1570Asp|4779/11226|4709/9972|1570/3323||
chr7,100956539,G,C,MODERATE,missense_variant,MUC3A,C|missense_variant|MODERATE|MUC3A|ENSG00000169894|transcript|ENST00000379458.8|protein_coding|2/12|c.4760G>C|p.Ser1587Thr|4830/11226|4760/9972|1587/3323||
chr7,100956697,C,T,MODERATE,missense_variant,MUC3A,T|missense_variant|MODERATE|MUC3A|ENSG00000169894|transcript|ENST00000379458.8|protein_coding|2/12|c.4918C>T|p.Pro1640Ser|4988/11226|4918/9972|1640/3323||
chr7,100956998,C,A,MODERATE,missense_variant,MUC3A,A|missense_variant|MODERATE|MUC3A|ENSG00000169894|transcript|ENST00000379458.8|protein_coding|2/12|c.5219C>A|p.Thr1740Asn|5289/11226|5219/9972|1740/3323||
chr7,100957015,T,C,MODERATE,missense_variant,MUC3A,C|missense_variant|MODERATE|MUC3A|ENSG00000169894|transcript|ENST00000379458.8|protein_coding|2/12|c.5236T>C|p.Ser1746Pro|5306/11226|5236/9972|1746/3323||
chr7,100957982,T,C,MODERATE,missense_variant,MUC3A,C|missense_variant|MODERATE|MUC3A|ENSG00000169894|transcript|ENST00000379458.8|protein_coding|2/12|c.6203T>C|p.Ile2068Thr|6273/11226|6203/9972|2068/3323||
chr7,100958000,T,C,MODERATE,missense_variant,MUC3A,C|missense_variant|MODERATE|MUC3A|ENSG00000169894|transcript|ENST00000379458.8|protein_coding|2/12|c.6221T>C|p.Leu2074Pro|6291/11226|6221/9972|2074/3323||
chr7,100958051,T,C,MODERATE,missense_variant,MUC3A,C|missense_variant|MODERATE|MUC3A|ENSG00000169894|transcript|ENST00000379458.8|protein_coding|2/12|c.6272T>C|p.Leu2091Pro|6342/11226|6272/9972|2091/3323||
chr7,100958135,T,C,MODERATE,missense_variant,MUC3A,C|missense_variant|MODERATE|MUC3A|ENSG00000169894|transcript|ENST00000379458.8|protein_coding|2/12|c.6356T>C|p.Met2119Thr|6426/11226|6356/9972|2119/3323||
chr7,100958207,A,G,MODERATE,missense_variant,MUC3A,G|missense_variant|MODERATE|MUC3A|ENSG00000169894|transcript|ENST00000379458.8|protein_coding|2/12|c.6428A>G|p.Asn2143Ser|6498/11226|6428/9972|2143/3323||
chr7,100958447,G,C,MODERATE,missense_variant,MUC3A,C|missense_variant|MODERATE|MUC3A|ENSG00000169894|transcript|ENST00000379458.8|protein_coding|2/12|c.6668G>C|p.Ser2223Thr|6738/11226|6668/9972|2223/3323||
chr7,100958491,G,A,MODERATE,missense_variant,MUC3A,A|missense_variant|MODERATE|MUC3A|ENSG00000169894|transcript|ENST00000379458.8|protein_coding|2/12|c.6712G>A|p.Gly2238Ser|6782/11226|6712/9972|2238/3323||
chr7,100958510,C,G,MODERATE,missense_variant,MUC3A,G|missense_variant|MODERATE|MUC3A|ENSG00000169894|transcript|ENST00000379458.8|protein_coding|2/12|c.6731C>G|p.Thr2244Ser|6801/11226|6731/9972|2244/3323||
chr7,100958555,C,T,MODERATE,missense_variant,MUC3A,T|missense_variant|MODERATE|MUC3A|ENSG00000169894|transcript|ENST00000379458.8|protein_coding|2/12|c.6776C>T|p.Ser2259Leu|6846/11226|6776/9972|2259/3323||
chr7,100958564,C,T,MODERATE,missense_variant,MUC3A,T|missense_variant|MODERATE|MUC3A|ENSG00000169894|transcript|ENST00000379458.8|protein_coding|2/12|c.6785C>T|p.Thr2262Ile|6855/11226|6785/9972|2262/3323||
chr7,100958795,G,C,MODERATE,missense_variant,MUC3A,C|missense_variant|MODERATE|MUC3A|ENSG00000169894|transcript|ENST00000379458.8|protein_coding|2/12|c.7016G>C|p.Arg2339Pro|7086/11226|7016/9972|2339/3323||
chr7,100959563,C,T,MODERATE,missense_variant,MUC3A,T|missense_variant|MODERATE|MUC3A|ENSG00000169894|transcript|ENST00000379458.8|protein_coding|2/12|c.7784C>T|p.Ala2595Val|7854/11226|7784/9972|2595/3323||
chr7,100959590,C,T,MODERATE,missense_variant,MUC3A,T|missense_variant|MODERATE|MUC3A|ENSG00000169894|transcript|ENST00000379458.8|protein_coding|2/12|c.7811C>T|p.Thr2604Met|7881/11226|7811/9972|2604/3323||
chr7,100959664,G,T,MODERATE,missense_variant,MUC3A,T|missense_variant|MODERATE|MUC3A|ENSG00000169894|transcript|ENST00000379458.8|protein_coding|2/12|c.7885G>T|p.Val2629Phe|7955/11226|7885/9972|2629/3323||
chr7,100959889,T,G,MODERATE,missense_variant,MUC3A,G|missense_variant|MODERATE|MUC3A|ENSG00000169894|transcript|ENST00000379458.8|protein_coding|2/12|c.8110T>G|p.Ser2704Ala|8180/11226|8110/9972|2704/3323||
chr7,100959965,G,C,MODERATE,missense_variant,MUC3A,C|missense_variant|MODERATE|MUC3A|ENSG00000169894|transcript|ENST00000379458.8|protein_coding|2/12|c.8186G>C|p.Gly2729Ala|8256/11226|8186/9972|2729/3323||
chr7,100959988,G,T,MODERATE,missense_variant,MUC3A,T|missense_variant|MODERATE|MUC3A|ENSG00000169894|transcript|ENST00000379458.8|protein_coding|2/12|c.8209G>T|p.Ala2737Ser|8279/11226|8209/9972|2737/3323||
chr7,100960242,C,G,MODERATE,missense_variant,MUC3A,G|missense_variant|MODERATE|MUC3A|ENSG00000169894|transcript|ENST00000379458.8|protein_coding|2/12|c.8463C>G|p.Ile2821Met|8533/11226|8463/9972|2821/3323||
chr7,100965345,C,A,MODERATE,missense_variant&splice_region_variant,MUC3A,A|missense_variant&splice_region_variant|MODERATE|MUC3A|ENSG00000169894|transcript|ENST00000379458.8|protein_coding|7/12|c.9446C>A|p.Ala3149Glu|9516/11226|9446/9972|3149/3323||
chr7,100965859,A,G,MODERATE,missense_variant,MUC3A,G|missense_variant|MODERATE|MUC3A|ENSG00000169894|transcript|ENST00000379458.8|protein_coding|8/12|c.9604A>G|p.Thr3202Ala|9674/11226|9604/9972|3202/3323||
chr7,100966916,T,C,MODERATE,missense_variant,MUC3A,C|missense_variant|MODERATE|MUC3A|ENSG00000169894|transcript|ENST00000379458.8|protein_coding|11/12|c.9895T>C|p.Tyr3299His|9965/11226|9895/9972|3299/3323||
chr7,100981437,G,C,MODERATE,missense_variant,MUC12,C|missense_variant|MODERATE|MUC12|ENSG00000205277|transcript|ENST00000379442.7|protein_coding|4/15|c.380G>C|p.Gly127Ala|380/16737|380/16437|127/5478||
chr7,100992094,A,C,MODERATE,missense_variant,MUC12,C|missense_variant|MODERATE|MUC12|ENSG00000205277|transcript|ENST00000379442.7|protein_coding|5/15|c.1960A>C|p.Ser654Arg|1960/16737|1960/16437|654/5478||
chr7,101038078,C,G,MODERATE,missense_variant,MUC17,G|missense_variant|MODERATE|MUC17|ENSG00000169876|transcript|ENST00000306151.8|protein_coding|3/13|c.6662C>G|p.Pro2221Arg|6726/14247|6662/13482|2221/4493||
chr7,113879664,A,T,MODERATE,missense_variant,PPP1R3A,T|missense_variant|MODERATE|PPP1R3A|ENSG00000154415|transcript|ENST00000284601.3|protein_coding|4/4|c.1428T>A|p.Asn476Lys|1497/4384|1428/3369|476/1122||
chr7,138801351,G,C,MODERATE,missense_variant,TMEM213,C|missense_variant|MODERATE|TMEM213|ENSG00000214128|transcript|ENST00000442682.6|protein_coding|2/3|c.107G>C|p.Ser36Thr|260/4167|107/324|36/107||
chr7,140380287,C,G,MODERATE,missense_variant,SLC37A3,G|missense_variant|MODERATE|SLC37A3|ENSG00000157800|transcript|ENST00000326232.13|protein_coding|3/15|c.193G>C|p.Val65Leu|397/3349|193/1485|65/494||
chr7,143935740,A,G,MODERATE,missense_variant,OR2F2,G|missense_variant|MODERATE|OR2F2|ENSG00000221910|transcript|ENST00000408955.2|protein_coding|1/1|c.508A>G|p.Thr170Ala|575/1114|508/954|170/317||
chr7,150793996,T,G,MODERATE,missense_variant,TMEM176B,G|missense_variant|MODERATE|TMEM176B|ENSG00000106565|transcript|ENST00000326442.9|protein_coding|3/7|c.280A>C|p.Ser94Arg|352/1129|280/813|94/270||
chr7,152273771,T,A,MODERATE,missense_variant,KMT2C,A|missense_variant|MODERATE|KMT2C|ENSG00000055609|transcript|ENST00000262189.10|protein_coding|7/59|c.946A>T|p.Thr316Ser|1165/16862|946/14736|316/4911||
chr7,156969124,G,A,MODERATE,missense_variant,NOM1,A|missense_variant|MODERATE|NOM1|ENSG00000146909|transcript|ENST00000275820.3|protein_coding|10/11|c.2336G>A|p.Arg779His|2351/6077|2336/2583|779/860||
chr7,158798049,A,T,MODERATE,missense_variant,ESYT2,T|missense_variant|MODERATE|ESYT2|ENSG00000117868|transcript|ENST00000251527.9|protein_coding|3/22|c.544T>A|p.Cys182Ser|610/5960|544/2682|182/893||
chr8,6444897,A,G,MODERATE,missense_variant,MCPH1,G|missense_variant|MODERATE|MCPH1|ENSG00000147316|transcript|ENST00000344683.9|protein_coding|8/14|c.1175A>G|p.Asp392Gly|1251/8039|1175/2508|392/835||
chr8,7358172,A,G,MODERATE,missense_variant,ZNF705G,G|missense_variant|MODERATE|ZNF705G|ENSG00000215372|transcript|ENST00000400156.4|protein_coding|7/7|c.707T>C|p.Val236Ala|989/3644|707/903|236/300||
chr8,10498677,C,T,MODERATE,missense_variant,PRSS51,T|missense_variant|MODERATE|PRSS51|ENSG00000253649|transcript|ENST00000636217.1|protein_coding|2/6|c.193G>A|p.Gly65Arg|254/2255|193/663|65/220||
chr8,10610662,G,A,MODERATE,missense_variant,RP1L1,A|missense_variant|MODERATE|RP1L1|ENSG00000183638|transcript|ENST00000382483.3|protein_coding|4/4|c.3436C>T|p.Arg1146Trp|3660/7973|3436/7203|1146/2400||
chr8,12133373,C,T,MODERATE,missense_variant,USP17L7,T|missense_variant|MODERATE|USP17L7|ENSG00000226430|transcript|ENST00000530447.3|protein_coding|1/1|c.637G>A|p.Val213Ile|1072/2028|637/1593|213/530||
chr8,18872307,G,A,MODERATE,missense_variant,PSD3,A|missense_variant|MODERATE|PSD3|ENSG00000156011|transcript|ENST00000327040.12|protein_coding|3/16|c.557C>T|p.Thr186Met|660/11689|557/3144|186/1047||
chr8,18872308,T,G,MODERATE,missense_variant,PSD3,G|missense_variant|MODERATE|PSD3|ENSG00000156011|transcript|ENST00000327040.12|protein_coding|3/16|c.556A>C|p.Thr186Pro|659/11689|556/3144|186/1047||
chr8,20179202,A,G,MODERATE,missense_variant,SLC18A1,G|missense_variant|MODERATE|SLC18A1|ENSG00000036565|transcript|ENST00000276373.9|protein_coding|3/16|c.407T>C|p.Ile136Thr|674/2753|407/1578|136/525||
chr8,20179316,C,G,MODERATE,missense_variant,SLC18A1,G|missense_variant|MODERATE|SLC18A1|ENSG00000036565|transcript|ENST00000276373.9|protein_coding|3/16|c.293G>C|p.Ser98Thr|560/2753|293/1578|98/525||
chr8,37870499,A,G,MODERATE,missense_variant,RAB11FIP1,G|missense_variant|MODERATE|RAB11FIP1|ENSG00000156675|transcript|ENST00000330843.8|protein_coding|5/6|c.3554T>C|p.Met1185Thr|3567/7811|3554/3852|1185/1283||
chr8,74625343,T,C,HIGH,splice_donor_variant&intron_variant,MIR2052HG,C|splice_donor_variant&intron_variant|HIGH|MIR2052HG|ENSG00000254349|transcript|ENST00000518190.4|lincRNA|4/5|n.379+2T>C||||||
chr8,94130944,T,G,MODERATE,missense_variant,CDH17,G|missense_variant|MODERATE|CDH17|ENSG00000079112|transcript|ENST00000027335.7|protein_coding|16/18|c.2216A>C|p.Glu739Ala|2341/3693|2216/2499|739/832||
chr8,94130958,C,G,MODERATE,missense_variant,CDH17,G|missense_variant|MODERATE|CDH17|ENSG00000079112|transcript|ENST00000027335.7|protein_coding|16/18|c.2202G>C|p.Glu734Asp|2327/3693|2202/2499|734/832||
chr8,98033750,A,C,HIGH,stop_lost,MATN2,C|stop_lost|HIGH|MATN2|ENSG00000132561|transcript|ENST00000522135.5|protein_coding|3/3|c.392A>C|p.Ter131Serext*?|394/416|392/393|131/130||WARNING_TRANSCRIPT_NO_START_CODON
chr8,100573905,T,C,MODERATE,missense_variant,SNX31,C|missense_variant|MODERATE|SNX31|ENSG00000174226|transcript|ENST00000428383.6|protein_coding|11/11|c.986A>G|p.Asp329Gly|1025/1265|986/1026|329/341||
chr8,123651927,T,C,MODERATE,missense_variant,KLHL38,C|missense_variant|MODERATE|KLHL38|ENSG00000175946|transcript|ENST00000325995.7|protein_coding|1/3|c.1000A>G|p.Ile334Val|1024/1982|1000/1746|334/581||
chr8,132079891,G,A,MODERATE,missense_variant,HHLA1,A|missense_variant|MODERATE|HHLA1|ENSG00000132297|transcript|ENST00000434736.6|protein_coding|12/17|c.860C>T|p.Pro287Leu|946/2369|860/1632|287/543||
chr8,132625413,G,A,MODERATE,missense_variant,LRRC6,A|missense_variant|MODERATE|LRRC6|ENSG00000129295|transcript|ENST00000519595.5|protein_coding|6/12|c.695C>T|p.Thr232Ile|794/1736|695/1401|232/466||
chr8,144106993,T,C,MODERATE,missense_variant,MAF1,C|missense_variant|MODERATE|MAF1|ENSG00000179632|transcript|ENST00000534811.1|protein_coding|2/2|c.233T>C|p.Leu78Pro|233/632|233/495|78/164||WARNING_TRANSCRIPT_NO_START_CODON
chr9,2828765,C,G,MODERATE,missense_variant,PUM3,G|missense_variant|MODERATE|PUM3|ENSG00000080608|transcript|ENST00000397885.2|protein_coding|9/18|c.866G>C|p.Arg289Pro|1073/2321|866/1947|289/648||
chr9,18950789,G,A,MODERATE,missense_variant,SAXO1,A|missense_variant|MODERATE|SAXO1|ENSG00000155875|transcript|ENST00000380534.8|protein_coding|2/4|c.187C>T|p.Pro63Ser|467/2099|187/1425|63/474||
chr9,18950897,T,C,MODERATE,missense_variant,SAXO1,C|missense_variant|MODERATE|SAXO1|ENSG00000155875|transcript|ENST00000380534.8|protein_coding|2/4|c.79A>G|p.Lys27Glu|359/2099|79/1425|27/474||
chr9,33941761,T,C,MODERATE,missense_variant,UBAP2,C|missense_variant|MODERATE|UBAP2|ENSG00000137073|transcript|ENST00000360802.5|protein_coding|16/29|c.1817A>G|p.Asn606Ser|1930/4284|1817/3360|606/1119||
chr9,34257097,G,A,MODERATE,missense_variant,KIF24,A|missense_variant|MODERATE|KIF24|ENSG00000186638|transcript|ENST00000402558.6|protein_coding|10/12|c.2510C>T|p.Ser837Phe|2535/6131|2510/4107|837/1368||
chr9,34372349,G,T,MODERATE,missense_variant,KIAA1161,T|missense_variant|MODERATE|KIAA1161|ENSG00000164976|transcript|ENST00000297625.7|protein_coding|2/2|c.595C>A|p.Arg199Ser|719/6398|595/2145|199/714||
chr9,34372785,G,C,MODERATE,missense_variant,KIAA1161,C|missense_variant|MODERATE|KIAA1161|ENSG00000164976|transcript|ENST00000297625.7|protein_coding|2/2|c.159C>G|p.Asp53Glu|283/6398|159/2145|53/714||
chr9,34889377,G,A,MODERATE,missense_variant,FAM205C,A|missense_variant|MODERATE|FAM205C|ENSG00000187791|transcript|ENST00000340783.10|protein_coding|5/5|c.614C>T|p.Ala205Val|670/983|614/627|205/208||
chr9,35612981,G,A,MODERATE,missense_variant,CD72,A|missense_variant|MODERATE|CD72|ENSG00000137101|transcript|ENST00000259633.8|protein_coding|6/9|c.701C>T|p.Pro234Leu|825/1548|701/1080|234/359||
chr9,69236961,G,A,MODERATE,missense_variant,AL358113.1,A|missense_variant|MODERATE|AL358113.1|ENSG00000283143|transcript|ENST00000265384.12|protein_coding|14/19|c.2004G>A|p.Met668Ile|2004/2982|2004/2982|668/993||
chr9,70536068,C,T,MODERATE,missense_variant,TRPM3,T|missense_variant|MODERATE|TRPM3|ENSG00000083067|transcript|ENST00000377110.7|protein_coding|25/25|c.5009G>A|p.Arg1670Gln|5253/12258|5009/5124|1670/1707||
chr9,76709825,T,C,MODERATE,missense_variant,PRUNE2,C|missense_variant|MODERATE|PRUNE2|ENSG00000106772|transcript|ENST00000376718.7|protein_coding|8/19|c.2449A>G|p.Asn817Asp|2573/12584|2449/9267|817/3088||
chr9,89803214,G,T,HIGH,splice_donor_variant&intron_variant,RP5-1050E16.2,T|splice_donor_variant&intron_variant|HIGH|RP5-1050E16.2|ENSG00000226206|transcript|ENST00000421297.1|lincRNA|2/2|n.413+2G>T||||||
chr9,114668331,A,T,MODERATE,missense_variant,RP11-402G3.3,T|missense_variant|MODERATE|RP11-402G3.3|ENSG00000230601|transcript|ENST00000436752.2|protein_coding|4/5|c.134T>A|p.Leu45Gln|270/708|134/363|45/120||
chr9,114790969,T,C,MODERATE,missense_variant,TNFSF15,C|missense_variant|MODERATE|TNFSF15|ENSG00000181634|transcript|ENST00000374044.1|protein_coding|1/1|c.8A>G|p.His3Arg|1140/2789|8/525|3/174||
chr9,115030304,C,G,MODERATE,missense_variant,TNC,G|missense_variant|MODERATE|TNC|ENSG00000041982|transcript|ENST00000350763.8|protein_coding|24/28|c.6022G>C|p.Glu2008Gln|6434/7641|6022/6606|2008/2201||
chr9,115052994,G,A,MODERATE,missense_variant,TNC,A|missense_variant|MODERATE|TNC|ENSG00000041982|transcript|ENST00000542877.5|protein_coding|11/23|c.3509C>T|p.Thr1170Met|3509/5517|3509/5517|1170/1838||
chr9,115401284,C,T,MODERATE,missense_variant,Dec-01,T|missense_variant|MODERATE|DEC1|ENSG00000173077|transcript|ENST00000374016.5|protein_coding|7/8|c.179C>T|p.Ala60Val|698/1251|179/213|60/70||
chr9,122568399,T,G,MODERATE,missense_variant,OR1L8,G|missense_variant|MODERATE|OR1L8|ENSG00000171496|transcript|ENST00000304865.3|protein_coding|1/1|c.79A>C|p.Thr27Pro|79/930|79/930|27/309||
chr9,129632966,T,C,MODERATE,missense_variant,NTMT1,C|missense_variant|MODERATE|NTMT1|ENSG00000148335|transcript|ENST00000459968.6|protein_coding|2/2|c.263T>C|p.Leu88Ser|413/1123|263/330|88/109||
chr9,131511357,T,C,MODERATE,missense_variant,POMT1,C|missense_variant|MODERATE|POMT1|ENSG00000130714|transcript|ENST00000415075.5|protein_coding|7/8|c.268T>C|p.Ser90Pro|645/847|268/470|90/155||WARNING_TRANSCRIPT_INCOMPLETE
chr9,135695120,G,A,MODERATE,missense_variant,SOHLH1,A|missense_variant|MODERATE|SOHLH1|ENSG00000165643|transcript|ENST00000298466.9|protein_coding|6/7|c.805C>T|p.Pro269Ser|866/1987|805/987|269/328||
chr10,3158100,G,A,MODERATE,missense_variant,PITRM1,A|missense_variant|MODERATE|PITRM1|ENSG00000107959|transcript|ENST00000380989.6|protein_coding|11/27|c.1190C>T|p.Ala397Val|1259/3487|1190/3117|397/1038||
chr10,5878158,T,C,MODERATE,missense_variant,ANKRD16,C|missense_variant|MODERATE|ANKRD16|ENSG00000134461|transcript|ENST00000380092.8|protein_coding|7/7|c.1058A>G|p.Gln353Arg|1575/1646|1058/1086|353/361||
chr10,7563105,C,T,MODERATE,missense_variant,ITIH5,T|missense_variant|MODERATE|ITIH5|ENSG00000123243|transcript|ENST00000397146.6|protein_coding|14/14|c.2807G>A|p.Arg936Gln|2886/6721|2807/2829|936/942||
chr10,15214195,G,A,MODERATE,missense_variant,FAM171A1,A|missense_variant|MODERATE|FAM171A1|ENSG00000148468|transcript|ENST00000378116.8|protein_coding|8/8|c.1393C>T|p.Pro465Ser|1400/3952|1393/2673|465/890||
chr10,19389357,C,T,MODERATE,missense_variant,MALRD1,T|missense_variant|MODERATE|MALRD1|ENSG00000204740|transcript|ENST00000377266.7|protein_coding|14/25|c.2789C>T|p.Thr930Met|2789/4461|2789/4461|930/1486||WARNING_TRANSCRIPT_NO_START_CODON
chr10,19389568,G,A,MODERATE,missense_variant,MALRD1,A|missense_variant|MODERATE|MALRD1|ENSG00000204740|transcript|ENST00000454679.6|protein_coding|28/40|c.4804G>A|p.Val1602Ile|4972/6880|4804/6471|1602/2156||
chr10,26157383,G,A,MODERATE,missense_variant,MYO3A,A|missense_variant|MODERATE|MYO3A|ENSG00000095777|transcript|ENST00000265944.9|protein_coding|26/35|c.2867G>A|p.Ser956Asn|3033/5581|2867/4851|956/1616||
chr10,26174201,C,A,MODERATE,missense_variant,MYO3A,A|missense_variant|MODERATE|MYO3A|ENSG00000095777|transcript|ENST00000265944.9|protein_coding|30/35|c.3937C>A|p.Arg1313Ser|4103/5581|3937/4851|1313/1616||
chr10,33206339,C,T,MODERATE,missense_variant,NRP1,T|missense_variant|MODERATE|NRP1|ENSG00000099250|transcript|ENST00000374816.7|protein_coding|11/11|c.1774G>A|p.Asp592Asn|1914/2804|1774/1926|592/641||
chr10,38055772,C,G,MODERATE,missense_variant,ZNF33A,G|missense_variant|MODERATE|ZNF33A|ENSG00000189180|transcript|ENST00000432900.6|protein_coding|5/5|c.1648C>G|p.Gln550Glu|1807/3994|1648/2436|550/811||
chr10,42823749,G,A,MODERATE,missense_variant,BMS1,A|missense_variant|MODERATE|BMS1|ENSG00000165733|transcript|ENST00000374518.5|protein_coding|21/23|c.3421G>A|p.Val1141Ile|3484/7753|3421/3849|1141/1282||
chr10,46549613,A,G,MODERATE,missense_variant,GPRIN2,G|missense_variant|MODERATE|GPRIN2|ENSG00000204175|transcript|ENST00000374317.1|protein_coding|3/3|c.1124T>C|p.Val375Ala|1397/1966|1124/1377|375/458||
chr10,46549754,G,C,MODERATE,missense_variant,GPRIN2,C|missense_variant|MODERATE|GPRIN2|ENSG00000204175|transcript|ENST00000374317.1|protein_coding|3/3|c.983C>G|p.Ser328Cys|1256/1966|983/1377|328/458||
chr10,46550133,C,A,MODERATE,missense_variant,GPRIN2,A|missense_variant|MODERATE|GPRIN2|ENSG00000204175|transcript|ENST00000374317.1|protein_coding|3/3|c.604G>T|p.Gly202Trp|877/1966|604/1377|202/458||
chr10,46550427,T,C,MODERATE,missense_variant,GPRIN2,C|missense_variant|MODERATE|GPRIN2|ENSG00000204175|transcript|ENST00000374317.1|protein_coding|3/3|c.310A>G|p.Ser104Gly|583/1966|310/1377|104/458||
chr10,46550466,A,G,MODERATE,missense_variant,GPRIN2,G|missense_variant|MODERATE|GPRIN2|ENSG00000204175|transcript|ENST00000374317.1|protein_coding|3/3|c.271T>C|p.Trp91Arg|544/1966|271/1377|91/458||
chr10,46550622,G,C,MODERATE,missense_variant,GPRIN2,C|missense_variant|MODERATE|GPRIN2|ENSG00000204175|transcript|ENST00000374317.1|protein_coding|3/3|c.115C>G|p.Leu39Val|388/1966|115/1377|39/458||
chr10,46550723,C,T,MODERATE,missense_variant,GPRIN2,T|missense_variant|MODERATE|GPRIN2|ENSG00000204175|transcript|ENST00000374317.1|protein_coding|3/3|c.14G>A|p.Arg5His|287/1966|14/1377|5/458||
chr10,58813993,G,T,MODERATE,missense_variant,BICC1,T|missense_variant|MODERATE|BICC1|ENSG00000122870|transcript|ENST00000263103.1|protein_coding|10/10|c.1418G>T|p.Arg473Leu|1442/1763|1418/1521|473/506||
chr10,59245484,G,C,MODERATE,missense_variant,PHYHIPL,C|missense_variant|MODERATE|PHYHIPL|ENSG00000165443|transcript|ENST00000373880.8|protein_coding|5/5|c.1024G>C|p.Val342Leu|1288/3578|1024/1131|342/376||
chr10,69097096,G,A,MODERATE,missense_variant,SRGN,A|missense_variant|MODERATE|SRGN|ENSG00000122862|transcript|ENST00000242465.3|protein_coding|2/3|c.92G>A|p.Arg31Gln|132/1208|92/477|31/158||
chr10,69300854,A,G,MODERATE,missense_variant,HK1,G|missense_variant|MODERATE|HK1|ENSG00000156515|transcript|ENST00000360289.6|protein_coding|5/22|c.20A>G|p.His7Arg|519/3961|20/2718|7/905||
chr10,80538396,T,C,MODERATE,missense_variant,SH2D4B,C|missense_variant|MODERATE|SH2D4B|ENSG00000178217|transcript|ENST00000339284.6|protein_coding|1/7|c.65T>C|p.Val22Ala|495/3983|65/1074|22/357||
chr10,85461594,A,G,HIGH,splice_acceptor_variant&intron_variant,LINC01520,G|splice_acceptor_variant&intron_variant|HIGH|LINC01520|ENSG00000230962|transcript|ENST00000441457.1|lincRNA|3/5|n.1107-2A>G||||||
chr10,94279840,G,C,MODERATE,missense_variant,PLCE1,C|missense_variant|MODERATE|PLCE1|ENSG00000138193|transcript|ENST00000371380.7|protein_coding|19/32|c.4724G>C|p.Arg1575Pro|4959/12024|4724/6909|1575/2302||
chr10,113650081,C,T,MODERATE,missense_variant,NRAP,T|missense_variant|MODERATE|NRAP|ENSG00000197893|transcript|ENST00000369358.8|protein_coding|9/42|c.844G>A|p.Ala282Thr|1032/5534|844/5196|282/1731||
chr10,113651855,A,G,MODERATE,missense_variant,NRAP,G|missense_variant|MODERATE|NRAP|ENSG00000197893|transcript|ENST00000369358.8|protein_coding|7/42|c.623T>C|p.Val208Ala|811/5534|623/5196|208/1731||
chr10,116471848,G,A,MODERATE,missense_variant,PNLIPRP3,A|missense_variant|MODERATE|PNLIPRP3|ENSG00000203837|transcript|ENST00000369230.3|protein_coding|10/12|c.1141G>A|p.Val381Ile|1287/2354|1141/1404|381/467||
chr10,116471851,A,G,MODERATE,missense_variant,PNLIPRP3,G|missense_variant|MODERATE|PNLIPRP3|ENSG00000203837|transcript|ENST00000369230.3|protein_coding|10/12|c.1144A>G|p.Arg382Gly|1290/2354|1144/1404|382/467||
chr10,122237461,G,A,MODERATE,missense_variant,TACC2,A|missense_variant|MODERATE|TACC2|ENSG00000138162|transcript|ENST00000334433.7|protein_coding|16/22|c.8194G>A|p.Ala2732Thr|8240/9377|8194/8847|2732/2948||
chr10,122983379,G,C,MODERATE,missense_variant,PSTK,C|missense_variant|MODERATE|PSTK|ENSG00000179988|transcript|ENST00000368887.7|protein_coding|3/7|c.616G>C|p.Gly206Arg|1056/1705|616/1047|206/348||
chr10,123746786,T,C,MODERATE,missense_variant,CPXM2,C|missense_variant|MODERATE|CPXM2|ENSG00000121898|transcript|ENST00000241305.3|protein_coding|14/14|c.2249A>G|p.Gln750Arg|2404/3554|2249/2271|750/756||
chr10,128101314,T,C,MODERATE,missense_variant,MKI67,C|missense_variant|MODERATE|MKI67|ENSG00000148773|transcript|ENST00000368654.7|protein_coding|14/15|c.9649A>G|p.Lys3217Glu|10025/12678|9649/9771|3217/3256||
chr10,132645884,A,G,MODERATE,missense_variant,INPP5A,G|missense_variant|MODERATE|INPP5A|ENSG00000068383|transcript|ENST00000368594.7|protein_coding|3/16|c.134A>G|p.Lys45Arg|411/2967|134/1239|45/412||
chr10,133071091,G,A,MODERATE,missense_variant,ADGRA1,A|missense_variant|MODERATE|ADGRA1|ENSG00000197177|transcript|ENST00000607359.5|protein_coding|1/16|c.163G>A|p.Gly55Ser|163/6004|163/3840|55/1279||
chr10,133071106,C,G,MODERATE,missense_variant,ADGRA1,G|missense_variant|MODERATE|ADGRA1|ENSG00000197177|transcript|ENST00000607359.5|protein_coding|1/16|c.178C>G|p.Arg60Gly|178/6004|178/3840|60/1279||
chr11,2159830,T,G,MODERATE,missense_variant,INS,G|missense_variant|MODERATE|INS|ENSG00000254647|transcript|ENST00000421783.1|protein_coding|2/2|c.230A>C|p.His77Pro|417/464|230/277|77/91||WARNING_TRANSCRIPT_INCOMPLETE
chr11,5047201,G,A,MODERATE,missense_variant,OR52J3,A|missense_variant|MODERATE|OR52J3|ENSG00000205495|transcript|ENST00000380370.1|protein_coding|1/1|c.676G>A|p.Val226Ile|676/936|676/936|226/311||
chr11,5422733,G,A,MODERATE,missense_variant,OR51Q1,A|missense_variant|MODERATE|OR51Q1|ENSG00000167360|transcript|ENST00000300778.4|protein_coding|1/1|c.533G>A|p.Arg178His|623/1096|533/954|178/317||
chr11,5422831,G,A,MODERATE,missense_variant,OR51Q1,A|missense_variant|MODERATE|OR51Q1|ENSG00000167360|transcript|ENST00000300778.4|protein_coding|1/1|c.631G>A|p.Val211Met|721/1096|631/954|211/317||
chr11,6199939,A,G,MODERATE,missense_variant,OR52W1,G|missense_variant|MODERATE|OR52W1|ENSG00000175485|transcript|ENST00000311352.2|protein_coding|1/1|c.716A>G|p.His239Arg|794/1114|716/963|239/320||
chr11,6529079,G,A,MODERATE,missense_variant,DNHD1,A|missense_variant|MODERATE|DNHD1|ENSG00000179532|transcript|ENST00000254579.10|protein_coding|12/43|c.2305G>A|p.Gly769Arg|2869/14862|2305/14262|769/4753||
chr11,6556997,G,A,MODERATE,missense_variant,DNHD1,A|missense_variant|MODERATE|DNHD1|ENSG00000179532|transcript|ENST00000254579.10|protein_coding|25/43|c.7702G>A|p.Val2568Ile|8266/14862|7702/14262|2568/4753||
chr11,6768698,C,A,MODERATE,missense_variant,OR2AG2,A|missense_variant|MODERATE|OR2AG2|ENSG00000188124|transcript|ENST00000338569.2|protein_coding|1/1|c.260G>T|p.Arg87Leu|358/1069|260/951|87/316||
chr11,6921245,C,A,MODERATE,missense_variant,OR2D3,A|missense_variant|MODERATE|OR2D3|ENSG00000178358|transcript|ENST00000317834.4|protein_coding|1/1|c.244C>A|p.Leu82Ile|272/1070|244/993|82/330||
chr11,7000929,A,G,MODERATE,missense_variant,ZNF214,G|missense_variant|MODERATE|ZNF214|ENSG00000149050|transcript|ENST00000278314.4|protein_coding|3/3|c.754T>C|p.Cys252Arg|1070/2681|754/1821|252/606||
chr11,7038729,A,C,MODERATE,missense_variant,NLRP14,C|missense_variant|MODERATE|NLRP14|ENSG00000158077|transcript|ENST00000299481.4|protein_coding|2/12|c.143A>C|p.Asn48Thr|489/3628|143/3282|48/1093||
chr11,8925474,A,G,MODERATE,missense_variant,C11orf16,G|missense_variant|MODERATE|C11orf16|ENSG00000176029|transcript|ENST00000326053.9|protein_coding|5/7|c.1193T>C|p.Leu398Pro|1300/1908|1193/1404|398/467||
chr11,8925736,G,C,MODERATE,missense_variant,C11orf16,C|missense_variant|MODERATE|C11orf16|ENSG00000176029|transcript|ENST00000326053.9|protein_coding|5/7|c.931C>G|p.Pro311Ala|1038/1908|931/1404|311/467||
chr11,17498195,C,G,MODERATE,missense_variant,USH1C,G|missense_variant|MODERATE|USH1C|ENSG00000006611|transcript|ENST00000318024.8|protein_coding|19/21|c.1557G>C|p.Glu519Asp|1666/2237|1557/1659|519/552||
chr11,32934698,A,G,MODERATE,missense_variant,QSER1,G|missense_variant|MODERATE|QSER1|ENSG00000060749|transcript|ENST00000399302.6|protein_coding|4/13|c.3053A>G|p.Asn1018Ser|3388/9335|3053/5208|1018/1735||
chr11,43919052,C,G,MODERATE,missense_variant,ALKBH3,G|missense_variant|MODERATE|ALKBH3|ENSG00000166199|transcript|ENST00000302708.8|protein_coding|9/10|c.684C>G|p.Asp228Glu|1095/1474|684/861|228/286||
chr11,45915716,C,T,MODERATE,missense_variant,PEX16,T|missense_variant|MODERATE|PEX16|ENSG00000121680|transcript|ENST00000241041.7|protein_coding|4/11|c.346G>A|p.Val116Ile|364/1479|346/1041|116/346||
chr11,48264704,C,T,MODERATE,missense_variant,OR4X1,T|missense_variant|MODERATE|OR4X1|ENSG00000176567|transcript|ENST00000320048.1|protein_coding|1/1|c.844C>T|p.Pro282Ser|844/918|844/918|282/305||
chr11,48365634,A,G,MODERATE,missense_variant,OR4C5,G|missense_variant|MODERATE|OR4C5|ENSG00000176540|transcript|ENST00000319813.3|protein_coding|1/1|c.832T>C|p.Phe278Leu|832/981|832/981|278/326||
chr11,55914018,G,A,MODERATE,missense_variant,OR5W2,A|missense_variant|MODERATE|OR5W2|ENSG00000187612|transcript|ENST00000344514.1|protein_coding|1/1|c.565C>T|p.Arg189Cys|565/933|565/933|189/310||
chr11,55993745,C,T,MODERATE,missense_variant,OR5F1,T|missense_variant|MODERATE|OR5F1|ENSG00000149133|transcript|ENST00000278409.1|protein_coding|1/1|c.881G>A|p.Ser294Asn|881/945|881/945|294/314||
chr11,56105548,A,G,MODERATE,missense_variant,OR8H2,G|missense_variant|MODERATE|OR8H2|ENSG00000181767|transcript|ENST00000313503.1|protein_coding|1/1|c.506A>G|p.Tyr169Cys|506/939|506/939|169/312||
chr11,58402670,C,G,MODERATE,missense_variant,OR5B3,G|missense_variant|MODERATE|OR5B3|ENSG00000172769|transcript|ENST00000309403.2|protein_coding|1/1|c.740G>C|p.Gly247Ala|740/946|740/945|247/314||
chr11,60397879,ATT,A,HIGH,frameshift_variant,MS4A14,A|frameshift_variant|HIGH|MS4A14|ENSG00000166928|transcript|ENST00000300187.10|protein_coding|2/5|c.167_168delTT|p.Ile56fs|444/2997|167/2040|56/679||
chr11,60415497,A,T,MODERATE,missense_variant,MS4A14,T|missense_variant|MODERATE|MS4A14|ENSG00000166928|transcript|ENST00000300187.10|protein_coding|5/5|c.529A>T|p.Asn177Tyr|806/2997|529/2040|177/679||
chr11,60518102,A,G,MODERATE,missense_variant,MS4A13,G|missense_variant|MODERATE|MS4A13|ENSG00000204979|transcript|ENST00000378186.6|protein_coding|3/7|c.19A>G|p.Ile7Val|342/928|19/459|7/152||
chr11,61138807,G,T,MODERATE,missense_variant,VPS37C,T|missense_variant|MODERATE|VPS37C|ENSG00000167987|transcript|ENST00000301765.9|protein_coding|2/5|c.23C>A|p.Thr8Asn|256/2865|23/1068|8/355||
chr11,78210481,G,C,MODERATE,missense_variant,USP35,C|missense_variant|MODERATE|USP35|ENSG00000118369|transcript|ENST00000526425.1|protein_coding|7/8|c.1819G>C|p.Ala607Pro|2445/3770|1819/2250|607/749||
chr11,78568744,T,G,MODERATE,missense_variant,NARS2,G|missense_variant|MODERATE|NARS2|ENSG00000137513|transcript|ENST00000281038.9|protein_coding|3/14|c.260A>C|p.Asn87Thr|636/2519|260/1434|87/477||
chr11,85725309,G,A,MODERATE,missense_variant,SYTL2,A|missense_variant|MODERATE|SYTL2|ENSG00000137501|transcript|ENST00000354566.7|protein_coding|1/13|c.1160C>T|p.Thr387Met|1160/4751|1160/3831|387/1276||WARNING_TRANSCRIPT_NO_START_CODON
chr11,89400281,C,T,MODERATE,missense_variant,NOX4,T|missense_variant|MODERATE|NOX4|ENSG00000086991|transcript|ENST00000263317.8|protein_coding|10/18|c.945G>A|p.Met315Ile|1184/2388|945/1737|315/578||
chr11,92857282,A,G,MODERATE,missense_variant,FAT3,G|missense_variant|MODERATE|FAT3|ENSG00000165323|transcript|ENST00000533797.1|protein_coding|2/8|c.439A>G|p.Ser147Gly|462/7894|439/2679|147/892||
chr11,112194711,T,C,MODERATE,missense_variant,BCO2,C|missense_variant|MODERATE|BCO2|ENSG00000197580|transcript|ENST00000357685.9|protein_coding|5/12|c.692T>C|p.Leu231Pro|827/2930|692/1740|231/579||
chr11,119193198,C,T,MODERATE,missense_variant,CCDC153,T|missense_variant|MODERATE|CCDC153|ENSG00000248712|transcript|ENST00000415318.2|protein_coding|6/8|c.302G>A|p.Arg101His|798/1173|302/633|101/210||
chr11,122867553,A,G,MODERATE,missense_variant&splice_region_variant,CRTAM,G|missense_variant&splice_region_variant|MODERATE|CRTAM|ENSG00000109943|transcript|ENST00000227348.8|protein_coding|8/10|c.962A>G|p.Lys321Arg|1009/2469|962/1182|321/393||
chr11,124310386,A,C,MODERATE,missense_variant,OR8D1,C|missense_variant|MODERATE|OR8D1|ENSG00000196341|transcript|ENST00000357821.2|protein_coding|1/1|c.381T>G|p.Cys127Trp|452/1026|381/927|127/308||
chr11,125747715,A,G,MODERATE,missense_variant,PATE1,G|missense_variant|MODERATE|PATE1|ENSG00000171053|transcript|ENST00000305738.9|protein_coding|4/5|c.140A>G|p.Gln47Arg|152/1527|140/381|47/126||
chr11,125896149,C,A,MODERATE,missense_variant,PUS3,A|missense_variant|MODERATE|PUS3|ENSG00000110060|transcript|ENST00000227474.7|protein_coding|2/4|c.136G>T|p.Ala46Ser|234/1843|136/1446|46/481||
chr11,126021374,C,T,MODERATE,missense_variant,CDON,T|missense_variant|MODERATE|CDON|ENSG00000064309|transcript|ENST00000392693.7|protein_coding|3/20|c.223G>A|p.Val75Ile|351/9138|223/3864|75/1287||
chr11,130411593,G,A,MODERATE,missense_variant,ADAMTS8,A|missense_variant|MODERATE|ADAMTS8|ENSG00000134917|transcript|ENST00000257359.6|protein_coding|6/9|c.1574C>T|p.Ala525Val|2281/4010|1574/2670|525/889||
chr12,6160496,C,T,HIGH,splice_donor_variant&intron_variant,RP3-454B23.1,T|splice_donor_variant&intron_variant|HIGH|RP3-454B23.1|ENSG00000255775|transcript|ENST00000539206.1|lincRNA|1/2|n.223+1G>A||||||
chr12,7715251,G,C,MODERATE,missense_variant,DPPA3,C|missense_variant|MODERATE|DPPA3|ENSG00000187569|transcript|ENST00000345088.2|protein_coding|2/4|c.151G>C|p.Glu51Gln|268/1079|151/480|51/159||
chr12,8857224,G,A,MODERATE,missense_variant,A2ML1,A|missense_variant|MODERATE|A2ML1|ENSG00000166535|transcript|ENST00000299698.11|protein_coding|24/36|c.2909G>A|p.Cys970Tyr|3089/5274|2909/4365|970/1454||
chr12,9164177,T,C,MODERATE,missense_variant,PZP,C|missense_variant|MODERATE|PZP|ENSG00000126838|transcript|ENST00000261336.6|protein_coding|20/36|c.2570A>G|p.Asn857Ser|2599/4610|2570/4449|857/1482||
chr12,9999043,T,C,MODERATE,missense_variant,CLEC1B,C|missense_variant|MODERATE|CLEC1B|ENSG00000165682|transcript|ENST00000298527.10|protein_coding|1/6|c.58A>G|p.Ile20Val|238/952|58/690|20/229||
chr12,10629516,T,C,MODERATE,missense_variant,STYK1,C|missense_variant|MODERATE|STYK1|ENSG00000060140|transcript|ENST00000075503.7|protein_coding|6/11|c.610A>G|p.Ser204Gly|1131/2995|610/1269|204/422||
chr12,27647813,G,T,MODERATE,missense_variant,PPFIBP1,T|missense_variant|MODERATE|PPFIBP1|ENSG00000110841|transcript|ENST00000318304.12|protein_coding|6/29|c.442G>T|p.Val148Leu|725/6001|442/3036|148/1011||
chr12,27696863,A,G,MODERATE,missense_variant,REP15,G|missense_variant|MODERATE|REP15|ENSG00000174236|transcript|ENST00000310791.3|protein_coding|1/1|c.301A>G|p.Asn101Asp|345/1078|301/711|101/236||
chr12,27762785,A,T,MODERATE,missense_variant,MANSC4,T|missense_variant|MODERATE|MANSC4|ENSG00000205693|transcript|ENST00000381273.3|protein_coding|3/3|c.976T>A|p.Ser326Thr|976/1023|976/1023|326/340||
chr12,31981704,T,C,MODERATE,missense_variant,KIAA1551,C|missense_variant|MODERATE|KIAA1551|ENSG00000174718|transcript|ENST00000312561.8|protein_coding|4/6|c.749T>C|p.Leu250Pro|1163/6230|749/5244|250/1747||
chr12,32337830,G,A,MODERATE,missense_variant,BICD1,A|missense_variant|MODERATE|BICD1|ENSG00000151746|transcript|ENST00000552160.2|protein_coding|2/2|c.481G>A|p.Asp161Asn|483/1583|481/519|161/172||WARNING_TRANSCRIPT_NO_START_CODON
chr12,48525773,A,G,MODERATE,missense_variant,OR8S1,G|missense_variant|MODERATE|OR8S1|ENSG00000197376|transcript|ENST00000310194.1|protein_coding|1/2|c.142A>G|p.Met48Val|142/1080|142/1080|48/359||
chr12,48525876,T,C,MODERATE,missense_variant,OR8S1,C|missense_variant|MODERATE|OR8S1|ENSG00000197376|transcript|ENST00000310194.1|protein_coding|1/2|c.245T>C|p.Leu82Pro|245/1080|245/1080|82/359||
chr12,50360780,T,G,MODERATE,missense_variant,FAM186A,G|missense_variant|MODERATE|FAM186A|ENSG00000185958|transcript|ENST00000327337.5|protein_coding|3/8|c.559A>C|p.Lys187Gln|559/7127|559/7056|187/2351||
chr12,52237529,A,G,MODERATE,missense_variant,KRT7,G|missense_variant|MODERATE|KRT7|ENSG00000135480|transcript|ENST00000331817.5|protein_coding|3/9|c.557A>G|p.His186Arg|740/1754|557/1410|186/469||
chr12,52288141,A,C,MODERATE,missense_variant,KRT81,C|missense_variant|MODERATE|KRT81|ENSG00000205426|transcript|ENST00000327741.9|protein_coding|5/9|c.743T>G|p.Leu248Arg|812/1929|743/1518|248/505||
chr12,57625689,T,G,HIGH,splice_donor_variant&intron_variant,SLC26A10,G|splice_donor_variant&intron_variant|HIGH|SLC26A10|ENSG00000135502|transcript|ENST00000474359.6|nonsense_mediated_decay|17/17|n.*458+2T>G||||||
chr12,57810500,T,C,MODERATE,missense_variant,AVIL,C|missense_variant|MODERATE|AVIL|ENSG00000135407|transcript|ENST00000257861.7|protein_coding|6/19|c.610A>G|p.Lys204Glu|1041/2891|610/2460|204/819||
chr12,66331422,C,T,MODERATE,missense_variant,HELB,T|missense_variant|MODERATE|HELB|ENSG00000127311|transcript|ENST00000247815.8|protein_coding|12/13|c.2939C>T|p.Thr980Ile|2998/12866|2939/3264|980/1087||
chr12,68313507,G,A,MODERATE,missense_variant,MDM1,A|missense_variant|MODERATE|MDM1|ENSG00000111554|transcript|ENST00000303145.11|protein_coding|11/14|c.1655C>T|p.Pro552Leu|1742/2918|1655/2145|552/714||
chr12,78955567,G,A,HIGH,splice_donor_variant&intron_variant,SYT1,A|splice_donor_variant&intron_variant|HIGH|SYT1|ENSG00000067715|transcript|ENST00000549454.5|processed_transcript|3/5|n.369+1G>A||||||
chr12,96708800,G,A,MODERATE,missense_variant,CFAP54,A|missense_variant|MODERATE|CFAP54|ENSG00000188596|transcript|ENST00000524981.8|protein_coding|48/68|c.6721G>A|p.Glu2241Lys|6744/9766|6721/9291|2241/3096||
chr12,101714567,T,C,MODERATE,missense_variant,CHPT1,C|missense_variant|MODERATE|CHPT1|ENSG00000111666|transcript|ENST00000229266.7|protein_coding|3/9|c.485T>C|p.Phe162Ser|720/1585|485/1221|162/406||
chr12,109557065,A,T,MODERATE,missense_variant,MMAB,T|missense_variant|MODERATE|MMAB|ENSG00000139428|transcript|ENST00000545712.6|protein_coding|9/9|c.716T>A|p.Met239Lys|1110/4438|716/753|239/250||
chr12,117256012,G,A,MODERATE,missense_variant,NOS1,A|missense_variant|MODERATE|NOS1|ENSG00000089250|transcript|ENST00000338101.8|protein_coding|16/29|c.2557C>T|p.Pro853Ser|2562/4462|2557/4407|853/1468||
chr12,122255462,C,T,HIGH,splice_acceptor_variant&intron_variant,RP11-512M8.11,T|splice_acceptor_variant&intron_variant|HIGH|RP11-512M8.11|ENSG00000280389|transcript|ENST00000623601.1|TEC|1/1|n.342-1G>A||||||
chr12,122715700,G,C,MODERATE,missense_variant,HCAR3,C|missense_variant|MODERATE|HCAR3|ENSG00000255398|transcript|ENST00000528880.2|protein_coding|1/1|c.1038C>G|p.Ile346Met|1193/2137|1038/1164|346/387||
chr12,123789927,A,G,MODERATE,missense_variant&splice_region_variant,DNAH10,G|missense_variant&splice_region_variant|MODERATE|DNAH10|ENSG00000197653|transcript|ENST00000409039.7|protein_coding|11/78|c.1621A>G|p.Ile541Val|1770/14473|1621/13599|541/4532||
chr12,133219299,G,A,MODERATE,missense_variant,ANHX,A|missense_variant|MODERATE|ANHX|ENSG00000227059|transcript|ENST00000419717.2|protein_coding|8/9|c.1037C>T|p.Ala346Val|1089/1765|1037/1140|346/379||
chr13,18176171,C,T,HIGH,splice_acceptor_variant&intron_variant,RP11-341D18.2,T|splice_acceptor_variant&intron_variant|HIGH|RP11-341D18.2|ENSG00000279924|transcript|ENST00000623078.1|unprocessed_pseudogene|1/3|n.912-1G>A||||||
chr13,22676877,CT,C,HIGH,frameshift_variant,AL354828.1,C|frameshift_variant|HIGH|AL354828.1|ENSG00000279282|transcript|ENST00000623728.1|protein_coding|10/15|c.791delT|p.Leu264fs|791/1212|791/1212|264/403||WARNING_TRANSCRIPT_NO_START_CODON&INFO_REALIGN_3_PRIME
chr13,30658926,G,A,MODERATE,missense_variant,USPL1,A|missense_variant|MODERATE|USPL1|ENSG00000132952|transcript|ENST00000255304.8|protein_coding|9/9|c.2849G>A|p.Ser950Asn|3191/3814|2849/3279|950/1092||
chr13,45529800,A,G,MODERATE,missense_variant,COG3,G|missense_variant|MODERATE|COG3|ENSG00000136152|transcript|ENST00000349995.9|protein_coding|21/23|c.2240A>G|p.Asn747Ser|2352/4498|2240/2487|747/828||
chr13,46685919,T,C,MODERATE,missense_variant,LRCH1,C|missense_variant|MODERATE|LRCH1|ENSG00000136141|transcript|ENST00000389797.7|protein_coding|5/20|c.700T>C|p.Ser234Pro|837/3314|700/2292|234/763||
chr13,49265888,A,G,MODERATE,missense_variant,CDADC1,G|missense_variant|MODERATE|CDADC1|ENSG00000102543|transcript|ENST00000429346.1|protein_coding|4/4|c.250A>G|p.Lys84Glu|252/290|250/288|84/95||WARNING_TRANSCRIPT_NO_START_CODON
chr13,75292148,G,A,MODERATE,missense_variant,TBC1D4,A|missense_variant|MODERATE|TBC1D4|ENSG00000136111|transcript|ENST00000377625.6|protein_coding|17/19|c.3251C>T|p.Thr1084Met|3598/6182|3251/3708|1084/1235||
chr13,102733448,T,C,MODERATE,missense_variant,CCDC168,C|missense_variant|MODERATE|CCDC168|ENSG00000175820|transcript|ENST00000322527.3|protein_coding|4/4|c.17249A>G|p.Asn5750Ser|17387/21466|17249/21246|5750/7081||
chr13,102742263,T,G,MODERATE,missense_variant,CCDC168,G|missense_variant|MODERATE|CCDC168|ENSG00000175820|transcript|ENST00000322527.3|protein_coding|4/4|c.8434A>C|p.Thr2812Pro|8572/21466|8434/21246|2812/7081||
chr13,109009011,C,G,MODERATE,missense_variant,MYO16,G|missense_variant|MODERATE|MYO16|ENSG00000041515|transcript|ENST00000457511.6|protein_coding|22/35|c.2557C>G|p.Pro853Ala|3179/7436|2557/5643|853/1880||
chr13,112825506,A,G,MODERATE,missense_variant,ATP11A,G|missense_variant|MODERATE|ATP11A|ENSG00000068650|transcript|ENST00000418678.5|protein_coding|10/23|c.871A>G|p.Met291Val|873/3163|871/2805|291/934||WARNING_TRANSCRIPT_NO_START_CODON
chr13,113403397,G,A,MODERATE,missense_variant,ADPRHL1,A|missense_variant|MODERATE|ADPRHL1|ENSG00000153531|transcript|ENST00000612156.2|protein_coding|8/8|c.5885C>T|p.Thr1962Met|5972/9759|5885/5904|1962/1967||
chr14,19827845,C,T,MODERATE,missense_variant,OR4N2,T|missense_variant|MODERATE|OR4N2|ENSG00000176294|transcript|ENST00000315947.1|protein_coding|1/1|c.397C>T|p.Pro133Ser|397/924|397/924|133/307||
chr14,20060162,A,G,MODERATE,missense_variant,OR4L1,G|missense_variant|MODERATE|OR4L1|ENSG00000176246|transcript|ENST00000315683.1|protein_coding|1/1|c.118A>G|p.Met40Val|118/939|118/939|40/312||
chr14,20197631,T,A,MODERATE,missense_variant,OR11G2,A|missense_variant|MODERATE|OR11G2|ENSG00000196832|transcript|ENST00000357366.3|protein_coding|1/1|c.296T>A|p.Ile99Asn|296/1111|296/1038|99/345||
chr14,20197681,G,A,MODERATE,missense_variant,OR11G2,A|missense_variant|MODERATE|OR11G2|ENSG00000196832|transcript|ENST00000357366.3|protein_coding|1/1|c.346G>A|p.Val116Ile|346/1111|346/1038|116/345||
chr14,20198016,C,CA,HIGH,frameshift_variant,OR11G2,CA|frameshift_variant|HIGH|OR11G2|ENSG00000196832|transcript|ENST00000357366.3|protein_coding|1/1|c.687dupA|p.Gly230fs|688/1111|688/1038|230/345||INFO_REALIGN_3_PRIME
chr14,20301877,T,C,MODERATE,missense_variant,TTC5,C|missense_variant|MODERATE|TTC5|ENSG00000136319|transcript|ENST00000258821.7|protein_coding|2/10|c.140A>G|p.Gln47Arg|197/4779|140/1323|47/440||
chr14,20641226,C,T,MODERATE,missense_variant,OR6S1,T|missense_variant|MODERATE|OR6S1|ENSG00000181803|transcript|ENST00000320704.3|protein_coding|1/1|c.466G>A|p.Val156Ile|466/996|466/996|156/331||
chr14,21979008,G,A,MODERATE,missense_variant,TRAV8-6,A|missense_variant|MODERATE|TRAV8-6|ENSG00000211795|transcript|ENST00000390443.3|TR_V_gene|2/2|c.229G>A|p.Glu77Lys|449/561|229/341|77/112||WARNING_TRANSCRIPT_INCOMPLETE
chr14,21979011,A,G,MODERATE,missense_variant,TRAV8-6,G|missense_variant|MODERATE|TRAV8-6|ENSG00000211795|transcript|ENST00000390443.3|TR_V_gene|2/2|c.232A>G|p.Ser78Gly|452/561|232/341|78/112||WARNING_TRANSCRIPT_INCOMPLETE
chr14,22519994,C,G,MODERATE,missense_variant,TRAJ24,G|missense_variant|MODERATE|TRAJ24|ENSG00000211865|transcript|ENST00000390513.1|TR_J_gene|1/1|c.24C>G|p.Phe8Leu|26/63|24/61|8/19||WARNING_TRANSCRIPT_INCOMPLETE
chr14,24210671,C,T,MODERATE,missense_variant,CHMP4A,T|missense_variant|MODERATE|CHMP4A|ENSG00000254505|transcript|ENST00000347519.10|protein_coding|4/6|c.586G>A|p.Gly196Arg|887/1393|586/798|196/265||
chr14,24267755,T,C,MODERATE,missense_variant,RABGGTA,C|missense_variant|MODERATE|RABGGTA|ENSG00000100949|transcript|ENST00000216840.10|protein_coding|14/17|c.1258A>G|p.Thr420Ala|1565/2088|1258/1704|420/567||
chr14,24654708,G,A,HIGH,splice_donor_variant&intron_variant,RP11-104E19.1,A|splice_donor_variant&intron_variant|HIGH|RP11-104E19.1|ENSG00000258657|transcript|ENST00000555300.1|antisense|3/3|n.238+1G>A||||||
chr14,32824325,T,A,MODERATE,missense_variant,AKAP6,A|missense_variant|MODERATE|AKAP6|ENSG00000151320|transcript|ENST00000280979.8|protein_coding|13/14|c.6512T>A|p.Phe2171Tyr|6682/15006|6512/6960|2171/2319||
chr14,39181030,A,T,MODERATE,missense_variant,PNN,T|missense_variant|MODERATE|PNN|ENSG00000100941|transcript|ENST00000216832.8|protein_coding|9/9|c.1321A>T|p.Thr441Ser|1388/3576|1321/2154|441/717||
chr14,39308472,G,C,MODERATE,missense_variant,CTAGE5,C|missense_variant|MODERATE|CTAGE5|ENSG00000150527|transcript|ENST00000396158.6|protein_coding|13/24|c.1093G>C|p.Glu365Gln|1429/3695|1093/2430|365/809||
chr14,44505719,A,T,MODERATE,missense_variant,FSCB,T|missense_variant|MODERATE|FSCB|ENSG00000189139|transcript|ENST00000340446.4|protein_coding|1/1|c.1269T>A|p.Asp423Glu|1561/2938|1269/2478|423/825||
chr14,50904134,C,G,MODERATE,missense_variant,ABHD12B,G|missense_variant|MODERATE|ABHD12B|ENSG00000131969|transcript|ENST00000337334.6|protein_coding|12/13|c.1003C>G|p.Pro335Ala|1018/1708|1003/1089|335/362||
chr14,64030031,C,T,MODERATE,missense_variant,SYNE2,T|missense_variant|MODERATE|SYNE2|ENSG00000054654|transcript|ENST00000344113.8|protein_coding|44/115|c.6851C>T|p.Ala2284Val|7063/21777|6851/20658|2284/6885||
chr14,64055956,G,C,MODERATE,missense_variant,SYNE2,C|missense_variant|MODERATE|SYNE2|ENSG00000054654|transcript|ENST00000344113.8|protein_coding|49/115|c.9757G>C|p.Asp3253His|9969/21777|9757/20658|3253/6885||
chr14,74409652,G,C,MODERATE,missense_variant,SYNDIG1L,C|missense_variant|MODERATE|SYNDIG1L|ENSG00000183379|transcript|ENST00000554953.1|protein_coding|2/2|c.93C>G|p.Ser31Arg|341/488|93/240|31/79||WARNING_TRANSCRIPT_NO_STOP_CODON
chr14,88480278,G,A,MODERATE,missense_variant,PTPN21,A|missense_variant|MODERATE|PTPN21|ENSG00000070778|transcript|ENST00000328736.7|protein_coding|12/18|c.1153C>T|p.Leu385Phe|1358/6089|1153/3525|385/1174||
chr14,90184689,G,A,MODERATE,missense_variant,KCNK13,A|missense_variant|MODERATE|KCNK13|ENSG00000152315|transcript|ENST00000282146.4|protein_coding|2/2|c.913G>A|p.Gly305Arg|1354/2522|913/1227|305/408||
chr14,90279078,T,C,MODERATE,missense_variant,NRDE2,C|missense_variant|MODERATE|NRDE2|ENSG00000119720|transcript|ENST00000354366.7|protein_coding|13/14|c.3353A>G|p.Asn1118Ser|3586/14208|3353/3495|1118/1164||
chr14,99914611,T,C,MODERATE,missense_variant,EML1,C|missense_variant|MODERATE|EML1|ENSG00000066629|transcript|ENST00000262233.10|protein_coding|15/22|c.1666T>C|p.Ser556Pro|1805/4535|1666/2448|556/815||
chr14,102102030,T,A,MODERATE,missense_variant,HSP90AA1,A|missense_variant|MODERATE|HSP90AA1|ENSG00000080824|transcript|ENST00000334701.11|protein_coding|2/12|c.211A>T|p.Met71Leu|493/3510|211/2565|71/854||
chr14,103086061,G,A,MODERATE,missense_variant,RP11-736N17.11,A|missense_variant|MODERATE|RP11-736N17.11|ENSG00000283071|transcript|ENST00000634353.1|protein_coding|2/4|c.49G>A|p.Ala17Thr|224/732|49/327|17/108||
chr14,104952054,C,T,MODERATE,missense_variant,AHNAK2,T|missense_variant|MODERATE|AHNAK2|ENSG00000185567|transcript|ENST00000333244.5|protein_coding|7/7|c.3397G>A|p.Val1133Ile|3517/18254|3397/17388|1133/5795||
chr15,20669971,A,G,HIGH,splice_donor_variant&intron_variant,NBEAP1,G|splice_donor_variant&intron_variant|HIGH|NBEAP1|ENSG00000258590|transcript|ENST00000556948.1|retained_intron|2/3|n.282+2T>C||||||
chr15,23441526,G,A,MODERATE,missense_variant,GOLGA6L2,A|missense_variant|MODERATE|GOLGA6L2|ENSG00000174450|transcript|ENST00000312015.6|protein_coding|8/9|c.913C>T|p.Arg305Trp|1002/1379|913/1245|305/414||
chr15,40621642,G,T,MODERATE,missense_variant,KNL1,T|missense_variant|MODERATE|KNL1|ENSG00000137812|transcript|ENST00000346991.9|protein_coding|11/27|c.1456G>T|p.Ala486Ser|1846/9573|1456/7029|486/2342||
chr15,41857308,G,C,MODERATE,missense_variant,SPTBN5,C|missense_variant|MODERATE|SPTBN5|ENSG00000137877|transcript|ENST00000320955.7|protein_coding|51/68|c.8551C>G|p.Gln2851Glu|8779/11725|8551/11025|2851/3674||
chr15,41879339,A,G,MODERATE,missense_variant,SPTBN5,G|missense_variant|MODERATE|SPTBN5|ENSG00000137877|transcript|ENST00000320955.7|protein_coding|16/68|c.3103T>C|p.Cys1035Arg|3331/11725|3103/11025|1035/3674||
chr15,43828361,T,G,MODERATE,missense_variant,WDR76,G|missense_variant|MODERATE|WDR76|ENSG00000092470|transcript|ENST00000263795.10|protein_coding|2/13|c.457T>G|p.Ser153Ala|527/3978|457/1881|153/626||
chr15,44674191,T,C,HIGH,start_lost,PATL2,C|start_lost|HIGH|PATL2|ENSG00000229474|transcript|ENST00000560110.1|protein_coding|2/5|c.1A>G|p.Met1?|390/765|1/376|1/124||WARNING_TRANSCRIPT_INCOMPLETE
chr15,45676237,T,C,MODERATE,missense_variant,SQRDL,C|missense_variant|MODERATE|SQRDL|ENSG00000137767|transcript|ENST00000260324.11|protein_coding|6/10|c.791T>C|p.Ile264Thr|1177/2003|791/1353|264/450||
chr15,49987465,T,C,MODERATE,missense_variant,ATP8B4,C|missense_variant|MODERATE|ATP8B4|ENSG00000104043|transcript|ENST00000284509.10|protein_coding|10/28|c.674A>G|p.Asn225Ser|816/5676|674/3579|225/1192||
chr15,50925164,T,C,MODERATE,missense_variant,AP4E1,C|missense_variant|MODERATE|AP4E1|ENSG00000081014|transcript|ENST00000261842.9|protein_coding|5/21|c.487T>C|p.Cys163Arg|593/6758|487/3414|163/1137||
chr15,66326004,A,G,MODERATE,missense_variant,DIS3L,G|missense_variant|MODERATE|DIS3L|ENSG00000166938|transcript|ENST00000319194.9|protein_coding|12/17|c.1592A>G|p.Asp531Gly|1853/3763|1592/2916|531/971||
chr15,67475813,G,C,MODERATE,missense_variant,IQCH,C|missense_variant|MODERATE|IQCH|ENSG00000103599|transcript|ENST00000335894.8|protein_coding|18/21|c.2794G>C|p.Val932Leu|2860/4208|2794/3084|932/1027||
chr15,73703760,G,A,MODERATE,missense_variant,CD276,A|missense_variant|MODERATE|CD276|ENSG00000103855|transcript|ENST00000318443.9|protein_coding|5/10|c.835G>A|p.Ala279Thr|1137/3469|835/1605|279/534||
chr15,76938817,C,T,HIGH,splice_donor_variant&intron_variant,RCN2,T|splice_donor_variant&intron_variant|HIGH|RCN2|ENSG00000117906|transcript|ENST00000557805.1|nonsense_mediated_decay|4/5|n.*42+2C>T||||||
chr15,82431921,C,T,MODERATE,missense_variant,GOLGA6L9,T|missense_variant|MODERATE|GOLGA6L9|ENSG00000197978|transcript|ENST00000618348.1|protein_coding|2/9|c.176C>T|p.Thr59Ile|236/1710|176/1299|59/432||
chr15,85579548,T,C,MODERATE,missense_variant,AKAP13,C|missense_variant|MODERATE|AKAP13|ENSG00000170776|transcript|ENST00000361243.6|protein_coding|7/37|c.1480T>C|p.Trp494Arg|1561/9468|1480/8454|494/2817||
chr15,85580757,G,A,MODERATE,missense_variant,AKAP13,A|missense_variant|MODERATE|AKAP13|ENSG00000170776|transcript|ENST00000361243.6|protein_coding|7/37|c.2689G>A|p.Val897Met|2770/9468|2689/8454|897/2817||
chr15,88253479,G,A,HIGH,splice_donor_variant&intron_variant,NTRK3-AS1,A|splice_donor_variant&intron_variant|HIGH|NTRK3-AS1|ENSG00000260305|transcript|ENST00000569588.1|lincRNA|1/3|n.749+1G>A||||||
chr15,88843421,G,A,MODERATE,missense_variant,ACAN,A|missense_variant|MODERATE|ACAN|ENSG00000157766|transcript|ENST00000558207.5|protein_coding|6/10|c.824G>A|p.Arg275Gln|1167/4159|824/2166|275/721||
chr15,88857108,A,C,MODERATE,missense_variant,ACAN,C|missense_variant|MODERATE|ACAN|ENSG00000157766|transcript|ENST00000439576.6|protein_coding|12/18|c.4523A>C|p.Glu1508Ala|4897/8840|4523/7593|1508/2530||
chr15,88857878,A,G,MODERATE,missense_variant,ACAN,G|missense_variant|MODERATE|ACAN|ENSG00000157766|transcript|ENST00000439576.6|protein_coding|12/18|c.5293A>G|p.Ile1765Val|5667/8840|5293/7593|1765/2530||
chr15,88858820,A,G,MODERATE,missense_variant,ACAN,G|missense_variant|MODERATE|ACAN|ENSG00000157766|transcript|ENST00000439576.6|protein_coding|12/18|c.6235A>G|p.Ile2079Val|6609/8840|6235/7593|2079/2530||
chr15,90241018,T,C,MODERATE,missense_variant,GDPGP1,C|missense_variant|MODERATE|GDPGP1|ENSG00000183208|transcript|ENST00000559204.5|protein_coding|4/4|c.110T>C|p.Met37Thr|318/850|110/642|37/213||WARNING_TRANSCRIPT_NO_STOP_CODON
chr15,90241698,C,A,MODERATE,missense_variant,GDPGP1,A|missense_variant|MODERATE|GDPGP1|ENSG00000183208|transcript|ENST00000558017.5|protein_coding|4/4|c.790C>A|p.Pro264Thr|1210/5323|790/1158|264/385||
chr15,90241828,C,T,MODERATE,missense_variant,GDPGP1,T|missense_variant|MODERATE|GDPGP1|ENSG00000183208|transcript|ENST00000558017.5|protein_coding|4/4|c.920C>T|p.Thr307Ile|1340/5323|920/1158|307/385||
chr15,99001200,G,A,MODERATE,missense_variant,PGPEP1L,A|missense_variant|MODERATE|PGPEP1L|ENSG00000183571|transcript|ENST00000378919.6|protein_coding|2/5|c.8C>T|p.Pro3Leu|214/995|8/591|3/196||
chr16,1344506,A,C,MODERATE,missense_variant,BAIAP3,C|missense_variant|MODERATE|BAIAP3|ENSG00000007516|transcript|ENST00000324385.9|protein_coding|18/34|c.1745A>C|p.Asp582Ala|1903/4678|1745/3564|582/1187||
chr16,3355986,G,A,MODERATE,missense_variant,OR2C1,A|missense_variant|MODERATE|OR2C1|ENSG00000168158|transcript|ENST00000304936.3|protein_coding|1/1|c.46G>A|p.Gly16Ser|98/1406|46/939|16/312||
chr16,3397282,C,G,MODERATE,missense_variant,ZSCAN32,G|missense_variant|MODERATE|ZSCAN32|ENSG00000140987|transcript|ENST00000396846.7|protein_coding|2/7|c.276G>C|p.Glu92Asp|584/3173|276/2094|92/697||
chr16,4796067,T,C,MODERATE,missense_variant,SMIM22,C|missense_variant|MODERATE|SMIM22|ENSG00000267795|transcript|ENST00000588500.1|protein_coding|2/2|c.244T>C|p.Trp82Arg|276/525|244/408|82/135||
chr16,4885984,C,G,MODERATE,missense_variant,PPL,G|missense_variant|MODERATE|PPL|ENSG00000118898|transcript|ENST00000345988.6|protein_coding|22/22|c.2671G>C|p.Glu891Gln|2761/6238|2671/5271|891/1756||
chr16,8746097,A,G,MODERATE,missense_variant&splice_region_variant,ABAT,G|missense_variant&splice_region_variant|MODERATE|ABAT|ENSG00000183044|transcript|ENST00000268251.12|protein_coding|3/16|c.167A>G|p.Gln56Arg|355/4836|167/1503|56/500||
chr16,11414455,T,C,MODERATE,missense_variant,CTD-3088G3.8,C|missense_variant|MODERATE|CTD-3088G3.8|ENSG00000188897|transcript|ENST00000598234.5|protein_coding|42/65|c.6379A>G|p.Met2127Val|6532/10568|6379/9696|2127/3231||
chr16,11449038,C,T,MODERATE,missense_variant,CTD-3088G3.8,T|missense_variant|MODERATE|CTD-3088G3.8|ENSG00000188897|transcript|ENST00000598234.5|protein_coding|29/65|c.4222G>A|p.Ala1408Thr|4375/10568|4222/9696|1408/3231||
chr16,11450817,G,A,MODERATE,missense_variant,CTD-3088G3.8,A|missense_variant|MODERATE|CTD-3088G3.8|ENSG00000188897|transcript|ENST00000598234.5|protein_coding|28/65|c.3944C>T|p.Ala1315Val|4097/10568|3944/9696|1315/3231||
chr16,11460027,C,G,MODERATE,missense_variant,CTD-3088G3.8,G|missense_variant|MODERATE|CTD-3088G3.8|ENSG00000188897|transcript|ENST00000598234.5|protein_coding|26/65|c.3628G>C|p.Gly1210Arg|3781/10568|3628/9696|1210/3231||
chr16,11933617,CAT,C,HIGH,frameshift_variant,RP11-166B2.1,C|frameshift_variant|HIGH|RP11-166B2.1|ENSG00000234719|transcript|ENST00000620285.1|protein_coding|4/6|c.347_348delAT|p.His116fs|402/1216|347/753|116/250||
chr16,12908502,T,C,MODERATE,missense_variant,SHISA9,C|missense_variant|MODERATE|SHISA9|ENSG00000237515|transcript|ENST00000423335.2|protein_coding|2/2|c.587T>C|p.Met196Thr|895/4043|587/666|196/221||
chr16,20359488,C,T,MODERATE,missense_variant,PDILT,T|missense_variant|MODERATE|PDILT|ENSG00000169340|transcript|ENST00000302451.8|protein_coding|12/12|c.1586G>A|p.Gly529Glu|1835/2153|1586/1755|529/584||
chr16,20359494,C,T,MODERATE,missense_variant,PDILT,T|missense_variant|MODERATE|PDILT|ENSG00000169340|transcript|ENST00000302451.8|protein_coding|12/12|c.1580G>A|p.Arg527Lys|1829/2153|1580/1755|527/584||
chr16,21179532,A,C,MODERATE,missense_variant,TMEM159,C|missense_variant|MODERATE|TMEM159|ENSG00000011638|transcript|ENST00000233047.8|protein_coding|5/5|c.462A>C|p.Glu154Asp|930/2014|462/486|154/161||
chr16,23525363,T,C,MODERATE,missense_variant,EARS2,C|missense_variant|MODERATE|EARS2|ENSG00000103356|transcript|ENST00000563232.1|protein_coding|8/8|c.1369A>G|p.Ser457Gly|1370/1709|1369/1605|457/534||
chr16,24191294,A,G,MODERATE,missense_variant,PRKCB,G|missense_variant|MODERATE|PRKCB|ENSG00000166501|transcript|ENST00000466124.1|protein_coding|2/2|c.241A>G|p.Met81Val|242/536|241/366|81/121||WARNING_TRANSCRIPT_NO_START_CODON
chr16,29901481,G,GGGT,MODERATE,disruptive_inframe_insertion,ASPHD1,GGGT|disruptive_inframe_insertion|MODERATE|ASPHD1|ENSG00000174939|transcript|ENST00000308748.9|protein_coding|1/3|c.513_515dupTGG|p.Gly172dup|768/1584|516/1173|172/390||INFO_REALIGN_3_PRIME
chr16,64982184,A,C,MODERATE,missense_variant,CDH11,C|missense_variant|MODERATE|CDH11|ENSG00000140937|transcript|ENST00000268603.8|protein_coding|8/13|c.1117T>G|p.Ser373Ala|1733/6857|1117/2391|373/796||
chr16,68365021,C,T,MODERATE,missense_variant,SMPD3,T|missense_variant|MODERATE|SMPD3|ENSG00000103056|transcript|ENST00000574662.1|protein_coding|2/6|c.218G>A|p.Arg73His|219/1755|218/621|73/206||WARNING_TRANSCRIPT_NO_START_CODON
chr16,70130431,A,G,MODERATE,missense_variant,PDPR,G|missense_variant|MODERATE|PDPR|ENSG00000090857|transcript|ENST00000288050.8|protein_coding|7/19|c.616A>G|p.Ile206Val|1573/9255|616/2640|206/879||
chr16,70514394,G,A,MODERATE,missense_variant,COG4,A|missense_variant|MODERATE|COG4|ENSG00000103051|transcript|ENST00000323786.9|protein_coding|4/19|c.485C>T|p.Thr162Ile|507/2833|485/2370|162/789||
chr16,70938692,T,C,MODERATE,missense_variant,HYDIN,C|missense_variant|MODERATE|HYDIN|ENSG00000157423|transcript|ENST00000393567.6|protein_coding|44/86|c.6917A>G|p.Glu2306Gly|7068/15719|6917/15366|2306/5121||
chr16,71954207,C,T,MODERATE,missense_variant,PKD1L3,T|missense_variant|MODERATE|PKD1L3|ENSG00000277481|transcript|ENST00000620267.1|protein_coding|17/30|c.2707G>A|p.Val903Ile|2707/5199|2707/5199|903/1732||
chr16,71973500,C,T,MODERATE,missense_variant,PKD1L3,T|missense_variant|MODERATE|PKD1L3|ENSG00000277481|transcript|ENST00000620267.1|protein_coding|12/30|c.1777G>A|p.Val593Met|1777/5199|1777/5199|593/1732||
chr16,71979898,G,C,MODERATE,missense_variant,PKD1L3,C|missense_variant|MODERATE|PKD1L3|ENSG00000277481|transcript|ENST00000620267.1|protein_coding|9/30|c.1286C>G|p.Thr429Ser|1286/5199|1286/5199|429/1732||
chr16,74391650,A,G,MODERATE,missense_variant,NPIPB15,G|missense_variant|MODERATE|NPIPB15|ENSG00000196436|transcript|ENST00000429990.1|protein_coding|7/7|c.902A>G|p.Tyr301Cys|998/1428|902/1332|301/443||
chr16,74661181,G,T,MODERATE,missense_variant,RFWD3,T|missense_variant|MODERATE|RFWD3|ENSG00000168411|transcript|ENST00000361070.8|protein_coding|2/13|c.269C>A|p.Thr90Asn|367/4957|269/2325|90/774||
chr16,75612787,G,T,MODERATE,missense_variant,ADAT1,T|missense_variant|MODERATE|ADAT1|ENSG00000065457|transcript|ENST00000307921.7|protein_coding|7/11|c.499C>A|p.His167Asn|645/1869|499/1509|167/502||
chr16,76498686,A,G,MODERATE,missense_variant,CNTNAP4,G|missense_variant|MODERATE|CNTNAP4|ENSG00000152910|transcript|ENST00000611870.4|protein_coding|15/24|c.2357A>G|p.Gln786Arg|2742/4867|2357/3927|786/1308||
chr16,77291428,G,T,MODERATE,missense_variant,ADAMTS18,T|missense_variant|MODERATE|ADAMTS18|ENSG00000140873|transcript|ENST00000282849.9|protein_coding|21/23|c.3240C>A|p.Ser1080Arg|3659/5913|3240/3666|1080/1221||
chr16,77735472,C,T,MODERATE,missense_variant,NUDT7,T|missense_variant|MODERATE|NUDT7|ENSG00000140876|transcript|ENST00000613075.4|protein_coding|3/4|c.268C>T|p.Arg90Cys|359/1073|268/672|90/223||
chr16,81198959,T,G,MODERATE,missense_variant,PKD1L2,G|missense_variant|MODERATE|PKD1L2|ENSG00000166473|transcript|ENST00000337114.8|protein_coding|7/18|c.1246A>C|p.Lys416Gln|1246/3427|1246/2976|416/991||
chr16,86532220,C,G,MODERATE,missense_variant,MTHFSD,G|missense_variant|MODERATE|MTHFSD|ENSG00000103248|transcript|ENST00000360900.10|protein_coding|8/8|c.943G>C|p.Gly315Arg|969/3013|943/1152|315/383||
chr16,88431813,C,T,MODERATE,missense_variant,ZNF469,T|missense_variant|MODERATE|ZNF469|ENSG00000225614|transcript|ENST00000437464.1|protein_coding|2/2|c.4259C>T|p.Pro1420Leu|4259/13203|4259/11778|1420/3925||
chr17,5034280,T,C,MODERATE,missense_variant,SLC52A1,C|missense_variant|MODERATE|SLC52A1|ENSG00000132517|transcript|ENST00000254853.9|protein_coding|3/5|c.209A>G|p.Gln70Arg|882/2377|209/1347|70/448||
chr17,6503563,C,T,MODERATE,missense_variant,PITPNM3,T|missense_variant|MODERATE|PITPNM3|ENSG00000091622|transcript|ENST00000262483.12|protein_coding|4/20|c.238G>A|p.Ala80Thr|326/7086|238/2925|80/974||
chr17,7108760,C,T,MODERATE,missense_variant,ASGR2,T|missense_variant|MODERATE|ASGR2|ENSG00000161944|transcript|ENST00000355035.9|protein_coding|3/9|c.253G>A|p.Gly85Arg|450/1386|253/936|85/311||
chr17,8257831,C,T,MODERATE,missense_variant,PFAS,T|missense_variant|MODERATE|PFAS|ENSG00000178921|transcript|ENST00000314666.10|protein_coding|10/28|c.1100C>T|p.Pro367Leu|1233/5371|1100/4017|367/1338||
chr17,17142710,C,A,MODERATE,missense_variant,MPRIP,A|missense_variant|MODERATE|MPRIP|ENSG00000133030|transcript|ENST00000395811.9|protein_coding|8/23|c.980C>A|p.Pro327Gln|1069/10960|980/3117|327/1038||
chr17,18143584,T,C,MODERATE,missense_variant,MYO15A,C|missense_variant|MODERATE|MYO15A|ENSG00000091536|transcript|ENST00000205890.9|protein_coding|26/66|c.5929T>C|p.Cys1977Arg|6267/11863|5929/10593|1977/3530||
chr17,18233827,A,G,MODERATE,missense_variant,LLGL1,G|missense_variant|MODERATE|LLGL1|ENSG00000131899|transcript|ENST00000316843.8|protein_coding|5/23|c.442A>G|p.Ser148Gly|538/4260|442/3195|148/1064||
chr17,18953558,A,G,HIGH,splice_donor_variant&intron_variant,AC090286.4,G|splice_donor_variant&intron_variant|HIGH|AC090286.4|ENSG00000196893|transcript|ENST00000354432.3|antisense|1/1|n.590+2T>C||||||
chr17,21295771,T,A,HIGH,splice_donor_variant&intron_variant,MAP2K3,A|splice_donor_variant&intron_variant|HIGH|MAP2K3|ENSG00000034152|transcript|ENST00000613338.4|protein_coding|2/13|c.-164+2T>A||||||
chr17,21296091,C,T,MODERATE,missense_variant,MAP2K3,T|missense_variant|MODERATE|MAP2K3|ENSG00000034152|transcript|ENST00000529517.1|protein_coding|4/4|c.251C>T|p.Ala84Val|462/514|251/303|84/100||WARNING_TRANSCRIPT_NO_STOP_CODON
chr17,21298879,C,A,MODERATE,missense_variant&splice_region_variant,MAP2K3,A|missense_variant&splice_region_variant|MODERATE|MAP2K3|ENSG00000034152|transcript|ENST00000342679.8|protein_coding|3/12|c.118C>A|p.Pro40Thr|367/2303|118/1044|40/347||
chr17,21298925,G,C,MODERATE,missense_variant&splice_region_variant,MAP2K3,C|missense_variant&splice_region_variant|MODERATE|MAP2K3|ENSG00000034152|transcript|ENST00000342679.8|protein_coding|3/12|c.164G>C|p.Arg55Thr|413/2303|164/1044|55/347||
chr17,21300875,G,T,MODERATE,missense_variant&splice_region_variant,MAP2K3,T|missense_variant&splice_region_variant|MODERATE|MAP2K3|ENSG00000034152|transcript|ENST00000342679.8|protein_coding|5/12|c.281G>T|p.Arg94Leu|530/2303|281/1044|94/347||
chr17,21300880,C,T,MODERATE,missense_variant,MAP2K3,T|missense_variant|MODERATE|MAP2K3|ENSG00000034152|transcript|ENST00000342679.8|protein_coding|5/12|c.286C>T|p.Arg96Trp|535/2303|286/1044|96/347||
chr17,21300898,C,T,HIGH,stop_gained,MAP2K3,T|stop_gained|HIGH|MAP2K3|ENSG00000034152|transcript|ENST00000342679.8|protein_coding|5/12|c.304C>T|p.Gln102*|553/2303|304/1044|102/347||
chr17,21416455,C,G,MODERATE,missense_variant,KCNJ12,G|missense_variant|MODERATE|KCNJ12|ENSG00000184185|transcript|ENST00000331718.5|protein_coding|3/3|c.1113C>G|p.Ser371Arg|1483/2198|1113/1302|371/433||
chr17,21416474,G,A,MODERATE,missense_variant,KCNJ12,A|missense_variant|MODERATE|KCNJ12|ENSG00000184185|transcript|ENST00000331718.5|protein_coding|3/3|c.1132G>A|p.Glu378Lys|1502/2198|1132/1302|378/433||
chr17,35265572,C,T,MODERATE,missense_variant,SLFN5,T|missense_variant|MODERATE|SLFN5|ENSG00000166750|transcript|ENST00000299977.8|protein_coding|5/5|c.2360C>T|p.Pro787Leu|2508/10591|2360/2676|787/891||
chr17,39974934,C,A,MODERATE,missense_variant,GSDMA,A|missense_variant|MODERATE|GSDMA|ENSG00000167914|transcript|ENST00000301659.8|protein_coding|10/12|c.941C>A|p.Thr314Asn|1059/2164|941/1338|314/445||
chr17,40701194,C,A,MODERATE,missense_variant,KRT24,A|missense_variant|MODERATE|KRT24|ENSG00000167916|transcript|ENST00000264651.2|protein_coding|3/8|c.801G>T|p.Met267Ile|858/1881|801/1578|267/525||
chr17,41503661,G,A,MODERATE,missense_variant,KRT13,A|missense_variant|MODERATE|KRT13|ENSG00000171401|transcript|ENST00000246635.7|protein_coding|2/8|c.560C>T|p.Ala187Val|607/1699|560/1377|187/458||
chr17,43091983,T,C,MODERATE,missense_variant,BRCA1,C|missense_variant|MODERATE|BRCA1|ENSG00000012048|transcript|ENST00000471181.6|protein_coding|10/24|c.3548A>G|p.Lys1183Arg|3780/5936|3548/5655|1183/1884||
chr17,44904286,A,G,MODERATE,missense_variant,FAM187A,G|missense_variant|MODERATE|FAM187A|ENSG00000214447|transcript|ENST00000331733.4|protein_coding|4/4|c.457A>G|p.Lys153Glu|2293/3397|457/1242|153/413||
chr17,50375415,A,C,MODERATE,missense_variant,EME1,C|missense_variant|MODERATE|EME1|ENSG00000154920|transcript|ENST00000511648.6|protein_coding|1/8|c.207A>C|p.Glu69Asp|231/2296|207/1752|69/583||
chr17,58508511,G,C,MODERATE,missense_variant,MTMR4,C|missense_variant|MODERATE|MTMR4|ENSG00000108389|transcript|ENST00000323456.9|protein_coding|7/19|c.508C>G|p.Leu170Val|633/5839|508/3588|170/1195||
chr17,61590592,G,A,HIGH,stop_gained,NACA2,A|stop_gained|HIGH|NACA2|ENSG00000253506|transcript|ENST00000521764.2|protein_coding|1/1|c.589C>T|p.Arg197*|611/777|589/648|197/215||
chr17,63942988,T,C,MODERATE,missense_variant,SCN4A,C|missense_variant|MODERATE|SCN4A|ENSG00000007314|transcript|ENST00000435607.3|protein_coding|23/24|c.4126A>G|p.Asn1376Asp|4203/7805|4126/5511|1376/1836||
chr17,64377836,C,G,MODERATE,missense_variant,PECAM1,G|missense_variant|MODERATE|PECAM1|ENSG00000261371|transcript|ENST00000563924.5|protein_coding|3/16|c.373G>C|p.Val125Leu|586/6831|373/2217|125/738||
chr17,65558473,G,A,MODERATE,missense_variant,AXIN2,A|missense_variant|MODERATE|AXIN2|ENSG00000168646|transcript|ENST00000307078.9|protein_coding|2/11|c.148C>T|p.Pro50Ser|462/4259|148/2532|50/843||
chr17,73236665,C,A,MODERATE,missense_variant,C17orf80,A|missense_variant|MODERATE|C17orf80|ENSG00000141219|transcript|ENST00000268942.12|protein_coding|3/5|c.1183C>A|p.His395Asn|1377/3449|1183/1722|395/573||
chr17,73236668,T,C,MODERATE,missense_variant,C17orf80,C|missense_variant|MODERATE|C17orf80|ENSG00000141219|transcript|ENST00000268942.12|protein_coding|3/5|c.1186T>C|p.Cys396Arg|1380/3449|1186/1722|396/573||
chr17,74588625,C,T,MODERATE,missense_variant,CD300LD,T|missense_variant|MODERATE|CD300LD|ENSG00000204345|transcript|ENST00000375352.1|protein_coding|2/4|c.265G>A|p.Val89Met|346/1303|265/585|89/194||
chr17,74866471,T,C,MODERATE,missense_variant,FDXR,C|missense_variant|MODERATE|FDXR|ENSG00000161513|transcript|ENST00000293195.9|protein_coding|4/12|c.368A>G|p.Gln123Arg|447/1875|368/1476|123/491||
chr17,75953459,G,C,MODERATE,missense_variant,ACOX1,C|missense_variant|MODERATE|ACOX1|ENSG00000161533|transcript|ENST00000293217.9|protein_coding|7/14|c.936C>G|p.Ile312Met|1226/7514|936/1983|312/660||
chr17,77194764,A,C,MODERATE,missense_variant,SEC14L1,C|missense_variant|MODERATE|SEC14L1|ENSG00000129657|transcript|ENST00000585618.5|protein_coding|7/17|c.562A>C|p.Thr188Pro|820/2712|562/2148|188/715||
chr17,78507478,C,A,MODERATE,missense_variant,DNAH17,A|missense_variant|MODERATE|DNAH17|ENSG00000187775|transcript|ENST00000389840.6|protein_coding|28/81|c.4564G>T|p.Asp1522Tyr|4689/13723|4564/13389|1522/4462||
chr17,78532708,A,G,MODERATE,missense_variant,DNAH17,G|missense_variant|MODERATE|DNAH17|ENSG00000187775|transcript|ENST00000389840.6|protein_coding|20/81|c.2888T>C|p.Ile963Thr|3013/13723|2888/13389|963/4462||
chr17,78802466,TTTTTTC,T,MODERATE,disruptive_inframe_deletion,USP36,T|disruptive_inframe_deletion|MODERATE|USP36|ENSG00000055483|transcript|ENST00000542802.7|protein_coding|17/21|c.2874_2879delGAAAAA|p.Lys959_Lys960del|3323/6063|2874/3372|958/1123||
chr17,80105798,A,G,MODERATE,missense_variant,GAA,G|missense_variant|MODERATE|GAA|ENSG00000171298|transcript|ENST00000302262.7|protein_coding|3/20|c.596A>G|p.His199Arg|815/3626|596/2859|199/952||
chr17,80105870,G,A,MODERATE,missense_variant,GAA,A|missense_variant|MODERATE|GAA|ENSG00000171298|transcript|ENST00000302262.7|protein_coding|3/20|c.668G>A|p.Arg223His|887/3626|668/2859|223/952||
chr17,80332480,A,G,MODERATE,missense_variant,RNF213,G|missense_variant|MODERATE|RNF213|ENSG00000173821|transcript|ENST00000582970.5|protein_coding|21/68|c.3992A>G|p.Asp1331Gly|4135/21055|3992/15624|1331/5207||
chr17,80923761,C,T,MODERATE,missense_variant,RPTOR,T|missense_variant|MODERATE|RPTOR|ENSG00000141564|transcript|ENST00000576366.1|protein_coding|2/2|c.376C>T|p.His126Tyr|376/787|376/708|126/235||WARNING_TRANSCRIPT_NO_START_CODON
chr17,82127757,A,G,MODERATE,missense_variant,CCDC57,G|missense_variant|MODERATE|CCDC57|ENSG00000176155|transcript|ENST00000392347.5|protein_coding|16/17|c.2501T>C|p.Met834Thr|2538/3000|2501/2751|834/916||
chr17,82433808,A,G,MODERATE,missense_variant,HEXDC,G|missense_variant|MODERATE|HEXDC|ENSG00000169660|transcript|ENST00000337014.10|protein_coding|5/12|c.433A>G|p.Ile145Val|907/2285|433/1758|145/585||
chr18,334994,A,G,MODERATE,missense_variant,COLEC12,G|missense_variant|MODERATE|COLEC12|ENSG00000158270|transcript|ENST00000400256.4|protein_coding|6/10|c.1564T>C|p.Ser522Pro|1772/5742|1564/2229|522/742||
chr18,6997819,A,C,MODERATE,missense_variant,LAMA1,C|missense_variant|MODERATE|LAMA1|ENSG00000101680|transcript|ENST00000389658.3|protein_coding|33/63|c.4729T>G|p.Ser1577Ala|4823/9657|4729/9228|1577/3075||
chr18,7034509,T,G,MODERATE,missense_variant,LAMA1,G|missense_variant|MODERATE|LAMA1|ENSG00000101680|transcript|ENST00000389658.3|protein_coding|14/63|c.2021A>C|p.Asn674Thr|2115/9657|2021/9228|674/3075||
chr18,10741013,G,A,MODERATE,missense_variant,PIEZO2,A|missense_variant|MODERATE|PIEZO2|ENSG00000154864|transcript|ENST00000579949.2|protein_coding|4/4|c.331C>T|p.Pro111Ser|332/3682|331/459|111/152||WARNING_TRANSCRIPT_NO_START_CODON
chr18,12099655,T,C,MODERATE,missense_variant,ANKRD62,C|missense_variant|MODERATE|ANKRD62|ENSG00000181626|transcript|ENST00000587848.2|protein_coding|6/14|c.793T>C|p.Cys265Arg|958/2919|793/2754|265/917||
chr18,23373756,G,A,MODERATE,missense_variant,TMEM241,A|missense_variant|MODERATE|TMEM241|ENSG00000134490|transcript|ENST00000383233.7|protein_coding|7/15|c.391C>T|p.Leu131Phe|444/2934|391/891|131/296||
chr18,33266931,A,T,MODERATE,missense_variant,CCDC178,T|missense_variant|MODERATE|CCDC178|ENSG00000166960|transcript|ENST00000406524.6|protein_coding|12/22|c.1394T>A|p.Val465Glu|1418/3039|1394/2676|465/891||
chr18,53416283,C,T,MODERATE,missense_variant,DCC,T|missense_variant|MODERATE|DCC|ENSG00000187323|transcript|ENST00000579941.1|protein_coding|6/6|c.590C>T|p.Thr197Met|592/750|590/624|197/207||WARNING_TRANSCRIPT_NO_START_CODON
chr18,58535536,C,A,MODERATE,missense_variant,ALPK2,A|missense_variant|MODERATE|ALPK2|ENSG00000198796|transcript|ENST00000361673.3|protein_coding|5/13|c.4651G>T|p.Ala1551Ser|4865/7303|4651/6513|1551/2170||
chr18,58535842,G,A,MODERATE,missense_variant,ALPK2,A|missense_variant|MODERATE|ALPK2|ENSG00000198796|transcript|ENST00000361673.3|protein_coding|5/13|c.4345C>T|p.Pro1449Ser|4559/7303|4345/6513|1449/2170||
chr18,63493054,T,C,MODERATE,missense_variant,SERPINB5,C|missense_variant|MODERATE|SERPINB5|ENSG00000206075|transcript|ENST00000382771.8|protein_coding|5/7|c.526T>C|p.Ser176Pro|818/2783|526/1128|176/375||
chr18,63597064,G,A,MODERATE,missense_variant,SERPINB13,A|missense_variant|MODERATE|SERPINB13|ENSG00000197641|transcript|ENST00000269489.9|protein_coding|8/8|c.904G>A|p.Gly302Ser|1072/3206|904/1203|302/400||
chr18,63712604,G,T,HIGH,stop_gained,SERPINB11,T|stop_gained|HIGH|SERPINB11|ENSG00000206072|transcript|ENST00000382749.9|protein_coding|5/9|c.268G>T|p.Glu90*|513/1918|268/1179|90/392||
chr18,69864406,T,C,MODERATE,missense_variant,CD226,C|missense_variant|MODERATE|CD226|ENSG00000150637|transcript|ENST00000280200.8|protein_coding|7/7|c.919A>G|p.Ser307Gly|1188/12319|919/1011|307/336||
chr18,74354482,T,C,MODERATE,missense_variant,C18orf63,C|missense_variant|MODERATE|C18orf63|ENSG00000206043|transcript|ENST00000579455.1|protein_coding|13/14|c.2027T>C|p.Leu676Pro|2356/5127|2027/2058|676/685||
chr19,2389874,G,C,MODERATE,missense_variant,TMPRSS9,C|missense_variant|MODERATE|TMPRSS9|ENSG00000178297|transcript|ENST00000332578.7|protein_coding|1/17|c.89G>C|p.Ser30Thr|89/3331|89/3180|30/1059||
chr19,2915740,T,A,HIGH,splice_donor_variant&intron_variant,ZNF57,A|splice_donor_variant&intron_variant|HIGH|ZNF57|ENSG00000171970|transcript|ENST00000614108.1|protein_coding|3/6|c.151+2T>A||||||
chr19,8698023,T,G,MODERATE,missense_variant,ACTL9,G|missense_variant|MODERATE|ACTL9|ENSG00000181786|transcript|ENST00000324436.4|protein_coding|1/1|c.679A>C|p.Asn227His|800/1426|679/1251|227/416||
chr19,8946265,A,G,MODERATE,missense_variant,MUC16,G|missense_variant|MODERATE|MUC16|ENSG00000181143|transcript|ENST00000397910.8|protein_coding|3/84|c.30505T>C|p.Phe10169Leu|30709/43816|30505/43524|10169/14507||
chr19,8946306,G,A,MODERATE,missense_variant,MUC16,A|missense_variant|MODERATE|MUC16|ENSG00000181143|transcript|ENST00000397910.8|protein_coding|3/84|c.30464C>T|p.Thr10155Ile|30668/43816|30464/43524|10155/14507||
chr19,8946313,C,G,MODERATE,missense_variant,MUC16,G|missense_variant|MODERATE|MUC16|ENSG00000181143|transcript|ENST00000397910.8|protein_coding|3/84|c.30457G>C|p.Glu10153Gln|30661/43816|30457/43524|10153/14507||
chr19,8946732,A,G,MODERATE,missense_variant,MUC16,G|missense_variant|MODERATE|MUC16|ENSG00000181143|transcript|ENST00000397910.8|protein_coding|3/84|c.30038T>C|p.Leu10013Pro|30242/43816|30038/43524|10013/14507||
chr19,8947074,T,A,MODERATE,missense_variant,MUC16,A|missense_variant|MODERATE|MUC16|ENSG00000181143|transcript|ENST00000397910.8|protein_coding|3/84|c.29696A>T|p.Tyr9899Phe|29900/43816|29696/43524|9899/14507||
chr19,8948556,T,C,MODERATE,missense_variant,MUC16,C|missense_variant|MODERATE|MUC16|ENSG00000181143|transcript|ENST00000397910.8|protein_coding|3/84|c.28214A>G|p.Gln9405Arg|28418/43816|28214/43524|9405/14507||
chr19,8955583,T,C,MODERATE,missense_variant,MUC16,C|missense_variant|MODERATE|MUC16|ENSG00000181143|transcript|ENST00000397910.8|protein_coding|3/84|c.21187A>G|p.Thr7063Ala|21391/43816|21187/43524|7063/14507||
chr19,8959726,G,T,MODERATE,missense_variant,MUC16,T|missense_variant|MODERATE|MUC16|ENSG00000181143|transcript|ENST00000397910.8|protein_coding|3/84|c.17044C>A|p.Pro5682Thr|17248/43816|17044/43524|5682/14507||
chr19,8964670,T,A,MODERATE,missense_variant,MUC16,A|missense_variant|MODERATE|MUC16|ENSG00000181143|transcript|ENST00000397910.8|protein_coding|3/84|c.12100A>T|p.Ile4034Phe|12304/43816|12100/43524|4034/14507||
chr19,9973616,C,G,MODERATE,missense_variant,COL5A3,G|missense_variant|MODERATE|COL5A3|ENSG00000080573|transcript|ENST00000264828.3|protein_coding|50/67|c.3620G>C|p.Arg1207Pro|3706/6174|3620/5238|1207/1745||
chr19,15742062,G,A,MODERATE,missense_variant,OR10H3,A|missense_variant|MODERATE|OR10H3|ENSG00000171936|transcript|ENST00000305892.1|protein_coding|1/1|c.670G>A|p.Val224Met|670/951|670/951|224/316||
chr19,16789027,A,T,MODERATE,missense_variant,NWD1,T|missense_variant|MODERATE|NWD1|ENSG00000188039|transcript|ENST00000524140.6|protein_coding|13/19|c.2777A>T|p.Asn926Ile|3195/7641|2777/4299|926/1432||
chr19,16977489,T,C,MODERATE,missense_variant,CPAMD8,C|missense_variant|MODERATE|CPAMD8|ENSG00000160111|transcript|ENST00000443236.5|protein_coding|15/42|c.1778A>G|p.His593Arg|1810/5992|1778/5799|593/1932||
chr19,17393955,G,C,MODERATE,missense_variant,CTD-2521M24.13,C|missense_variant|MODERATE|CTD-2521M24.13|ENSG00000269720|transcript|ENST00000636079.1|protein_coding|1/4|c.204C>G|p.Asp68Glu|204/705|204/705|68/234||
chr19,18392025,G,A,MODERATE,missense_variant,LRRC25,A|missense_variant|MODERATE|LRRC25|ENSG00000175489|transcript|ENST00000339007.3|protein_coding|2/2|c.880C>T|p.Pro294Ser|1534/2415|880/918|294/305||
chr19,32862155,G,T,MODERATE,missense_variant,SLC7A9,T|missense_variant|MODERATE|SLC7A9|ENSG00000021488|transcript|ENST00000023064.8|protein_coding|6/13|c.667C>A|p.Leu223Met|859/1761|667/1464|223/487||
chr19,34931904,C,T,MODERATE,missense_variant,ZNF30,T|missense_variant|MODERATE|ZNF30|ENSG00000168661|transcript|ENST00000303586.11|protein_coding|3/5|c.71C>T|p.Ser24Phe|449/2579|71/1875|24/624||
chr19,34944102,G,A,MODERATE,missense_variant,ZNF30,A|missense_variant|MODERATE|ZNF30|ENSG00000168661|transcript|ENST00000303586.11|protein_coding|5/5|c.1139G>A|p.Arg380Lys|1517/2579|1139/1875|380/624||
chr19,36997073,G,A,MODERATE,missense_variant,ZNF568,A|missense_variant|MODERATE|ZNF568|ENSG00000198453|transcript|ENST00000444991.5|protein_coding|10/10|c.1382G>A|p.Arg461His|1865/2232|1382/1749|461/582||WARNING_TRANSCRIPT_NO_STOP_CODON
chr19,36997570,C,G,MODERATE,missense_variant,ZNF568,G|missense_variant|MODERATE|ZNF568|ENSG00000198453|transcript|ENST00000455427.6|protein_coding|9/9|c.1687C>G|p.Pro563Ala|2016/2378|1687/1716|563/571||
chr19,37885845,T,A,MODERATE,missense_variant,WDR87,A|missense_variant|MODERATE|WDR87|ENSG00000171804|transcript|ENST00000447313.6|protein_coding|6/6|c.7826A>T|p.His2609Leu|7987/9009|7826/8739|2609/2912||
chr19,39014471,G,A,MODERATE,missense_variant,FBXO27,A|missense_variant|MODERATE|FBXO27|ENSG00000161243|transcript|ENST00000598394.1|protein_coding|2/3|c.167C>T|p.Thr56Ile|168/300|167/299|56/98||WARNING_TRANSCRIPT_INCOMPLETE
chr19,39707284,T,C,MODERATE,missense_variant,LGALS14,C|missense_variant|MODERATE|LGALS14|ENSG00000006659|transcript|ENST00000392052.7|protein_coding|3/4|c.199T>C|p.Cys67Arg|422/774|199/420|67/139||
chr19,39899634,C,T,MODERATE,missense_variant,FCGBP,T|missense_variant|MODERATE|FCGBP|ENSG00000275395|transcript|ENST00000616721.4|protein_coding|10/28|c.4849G>A|p.Val1617Met|4857/12787|4849/12615|1617/4204||
chr19,40605163,G,A,MODERATE,missense_variant,LTBP4,A|missense_variant|MODERATE|LTBP4|ENSG00000090006|transcript|ENST00000308370.11|protein_coding|5/33|c.580G>A|p.Val194Ile|580/4948|580/4875|194/1624||
chr19,42765547,C,T,MODERATE,missense_variant,PSG8,T|missense_variant|MODERATE|PSG8|ENSG00000124467|transcript|ENST00000306511.4|protein_coding|1/5|c.35G>A|p.Arg12His|133/1441|35/1281|12/426||
chr19,42935542,G,A,HIGH,stop_gained,PSG7,A|stop_gained|HIGH|PSG7|ENSG00000221878|transcript|ENST00000617049.4|protein_coding|2/5|c.292C>T|p.Arg98*|390/1441|292/1281|98/426||
chr19,42935587,T,C,MODERATE,missense_variant,PSG7,C|missense_variant|MODERATE|PSG7|ENSG00000221878|transcript|ENST00000617049.4|protein_coding|2/5|c.247A>G|p.Ile83Val|345/1441|247/1281|83/426||
chr19,43015290,T,C,MODERATE,missense_variant,PSG11,C|missense_variant|MODERATE|PSG11|ENSG00000243130|transcript|ENST00000306322.7|protein_coding|3/5|c.424A>G|p.Asn142Asp|521/990|424/642|142/213||
chr19,43873517,G,A,MODERATE,missense_variant,ZNF404,A|missense_variant|MODERATE|ZNF404|ENSG00000176222|transcript|ENST00000324394.7|protein_coding|2/2|c.694C>T|p.His232Tyr|694/1844|694/1656|232/551||WARNING_TRANSCRIPT_NO_START_CODON
chr19,44274252,A,C,MODERATE,missense_variant,ZNF233,C|missense_variant|MODERATE|ZNF233|ENSG00000159915|transcript|ENST00000391958.6|protein_coding|5/5|c.1592A>C|p.Lys531Thr|1719/2784|1592/2013|531/670||
chr19,44429772,G,A,MODERATE,missense_variant,ZNF229,A|missense_variant|MODERATE|ZNF229|ENSG00000278318|transcript|ENST00000614049.4|protein_coding|6/6|c.1009C>T|p.Arg337Cys|1443/4507|1009/2478|337/825||
chr19,44524136,T,C,MODERATE,missense_variant,CEACAM20,C|missense_variant|MODERATE|CEACAM20|ENSG00000273777|transcript|ENST00000614924.4|protein_coding|3/12|c.322A>G|p.Ile108Val|338/1809|322/1791|108/596||
chr19,47992047,G,A,MODERATE,missense_variant,BSPH1,A|missense_variant|MODERATE|BSPH1|ENSG00000188334|transcript|ENST00000344839.3|protein_coding|1/6|c.35C>T|p.Thr12Met|124/654|35/399|12/132||
chr19,49446395,G,A,MODERATE,missense_variant,PIH1D1,A|missense_variant|MODERATE|PIH1D1|ENSG00000104872|transcript|ENST00000262265.9|protein_coding|9/9|c.860C>T|p.Pro287Leu|1096/1192|860/873|287/290||
chr19,50656314,T,G,MODERATE,missense_variant,C19orf81,G|missense_variant|MODERATE|C19orf81|ENSG00000235034|transcript|ENST00000458538.1|protein_coding|3/5|c.151T>G|p.Ser51Ala|172/493|151/472|51/156||WARNING_TRANSCRIPT_INCOMPLETE
chr19,51017231,A,C,MODERATE,missense_variant,KLK10,C|missense_variant|MODERATE|KLK10|ENSG00000129451|transcript|ENST00000309958.7|protein_coding|3/6|c.148T>G|p.Ser50Ala|367/3111|148/831|50/276||
chr19,51225385,A,G,MODERATE,missense_variant,CD33,G|missense_variant|MODERATE|CD33|ENSG00000105383|transcript|ENST00000262262.4|protein_coding|2/7|c.205A>G|p.Arg69Gly|226/1444|205/1095|69/364||
chr19,52572266,G,T,MODERATE,missense_variant,ZNF701,T|missense_variant|MODERATE|ZNF701|ENSG00000167562|transcript|ENST00000301093.6|protein_coding|2/5|c.25G>T|p.Asp9Tyr|60/2610|25/1596|9/531||
chr19,52582871,C,A,MODERATE,missense_variant,ZNF701,A|missense_variant|MODERATE|ZNF701|ENSG00000167562|transcript|ENST00000301093.6|protein_coding|5/5|c.1010C>A|p.Thr337Lys|1045/2610|1010/1596|337/531||
chr19,55529888,C,G,MODERATE,missense_variant,SBK2,G|missense_variant|MODERATE|SBK2|ENSG00000187550|transcript|ENST00000344158.4|protein_coding|3/3|c.892G>C|p.Ala298Pro|901/1056|892/1047|298/348||
chr19,57135202,T,C,MODERATE,missense_variant,ZIM3,C|missense_variant|MODERATE|ZIM3|ENSG00000141946|transcript|ENST00000269834.1|protein_coding|5/5|c.1135A>G|p.Ile379Val|1521/2627|1135/1419|379/472||
chr19,57492978,G,C,MODERATE,missense_variant,ZNF419,C|missense_variant|MODERATE|ZNF419|ENSG00000105136|transcript|ENST00000424930.6|protein_coding|5/5|c.424G>C|p.Glu142Gln|653/2323|424/1536|142/511||
chr19,57506385,C,A,MODERATE,missense_variant,ZNF773,A|missense_variant|MODERATE|ZNF773|ENSG00000152439|transcript|ENST00000282292.8|protein_coding|4/4|c.290C>A|p.Ala97Glu|430/2206|290/1329|97/442||
chr19,57506390,G,C,MODERATE,missense_variant,ZNF773,C|missense_variant|MODERATE|ZNF773|ENSG00000152439|transcript|ENST00000282292.8|protein_coding|4/4|c.295G>C|p.Ala99Pro|435/2206|295/1329|99/442||
chr19,58353113,T,C,MODERATE,missense_variant,A1BG,C|missense_variant|MODERATE|A1BG|ENSG00000121410|transcript|ENST00000263100.7|protein_coding|3/8|c.155A>G|p.His52Arg|217/1722|155/1488|52/495||
chr20,1551949,T,C,MODERATE,missense_variant,SIRPD,C|missense_variant|MODERATE|SIRPD|ENSG00000125900|transcript|ENST00000381623.3|protein_coding|2/4|c.163A>G|p.Asn55Asp|1353/1958|163/594|55/197||
chr20,1571784,T,C,MODERATE,missense_variant,SIRPB1,C|missense_variant|MODERATE|SIRPB1|ENSG00000101307|transcript|ENST00000381605.8|protein_coding|3/6|c.687A>G|p.Ile229Met|752/3241|687/1197|229/398||
chr20,6778468,A,T,MODERATE,missense_variant,BMP2,T|missense_variant|MODERATE|BMP2|ENSG00000125845|transcript|ENST00000378827.4|protein_coding|3/3|c.570A>T|p.Arg190Ser|1789/3601|570/1191|190/396||
chr20,21161882,C,G,MODERATE,missense_variant,KIZ,G|missense_variant|MODERATE|KIZ|ENSG00000088970|transcript|ENST00000619189.4|protein_coding|5/13|c.417C>G|p.His139Gln|479/2130|417/2022|139/673||
chr20,21162172,T,C,MODERATE,missense_variant,KIZ,C|missense_variant|MODERATE|KIZ|ENSG00000088970|transcript|ENST00000619189.4|protein_coding|5/13|c.707T>C|p.Met236Thr|769/2130|707/2022|236/673||
chr20,29092559,T,G,HIGH,splice_donor_variant&intron_variant,FRG1DP,G|splice_donor_variant&intron_variant|HIGH|FRG1DP|ENSG00000282870|transcript|ENST00000635586.1|unprocessed_pseudogene|4/8|n.311+2T>G||||||
chr20,32999987,A,G,MODERATE,missense_variant,SUN5,G|missense_variant|MODERATE|SUN5|ENSG00000167098|transcript|ENST00000420875.5|protein_coding|5/5|c.394T>C|p.Cys132Arg|394/528|394/459|132/152||WARNING_TRANSCRIPT_NO_START_CODON
chr20,33100435,T,C,MODERATE,missense_variant,BPIFB4,C|missense_variant|MODERATE|BPIFB4|ENSG00000186191|transcript|ENST00000375483.3|protein_coding|12/16|c.1579T>C|p.Phe527Leu|1579/2159|1579/1845|527/614||
chr20,35384111,C,T,MODERATE,missense_variant,UQCC1,T|missense_variant|MODERATE|UQCC1|ENSG00000101019|transcript|ENST00000374385.9|protein_coding|3/10|c.152G>A|p.Arg51Gln|330/2447|152/900|51/299||
chr20,38767477,A,G,MODERATE,missense_variant,ACTR5,G|missense_variant|MODERATE|ACTR5|ENSG00000101442|transcript|ENST00000243903.5|protein_coding|8/9|c.1447A>G|p.Ile483Val|1484/2565|1447/1824|483/607||
chr21,10592359,A,G,MODERATE,missense_variant,TPTE,G|missense_variant|MODERATE|TPTE|ENSG00000274391|transcript|ENST00000618007.4|protein_coding|19/24|c.1156A>G|p.Lys386Glu|1486/2150|1156/1656|386/551||
chr21,10602110,T,C,MODERATE,missense_variant,TPTE,C|missense_variant|MODERATE|TPTE|ENSG00000274391|transcript|ENST00000618007.4|protein_coding|22/24|c.1409T>C|p.Leu470Pro|1739/2150|1409/1656|470/551||
chr21,10649583,T,C,MODERATE,missense_variant,IGHV1OR21-1,C|missense_variant|MODERATE|IGHV1OR21-1|ENSG00000277282|transcript|ENST00000622028.1|IG_V_gene|2/2|c.170A>G|p.His57Arg|170/353|170/353|57/116||WARNING_TRANSCRIPT_INCOMPLETE
chr21,10649611,T,A,MODERATE,missense_variant,IGHV1OR21-1,A|missense_variant|MODERATE|IGHV1OR21-1|ENSG00000277282|transcript|ENST00000622028.1|IG_V_gene|2/2|c.142A>T|p.Ile48Phe|142/353|142/353|48/116||WARNING_TRANSCRIPT_INCOMPLETE
chr21,30601197,T,A,MODERATE,missense_variant,KRTAP22-1,A|missense_variant|MODERATE|KRTAP22-1|ENSG00000186924|transcript|ENST00000334680.3|protein_coding|1/1|c.77T>A|p.Leu26His|111/296|77/147|26/48||
chr21,39452055,G,A,MODERATE,missense_variant,SH3BGR,A|missense_variant|MODERATE|SH3BGR|ENSG00000185437|transcript|ENST00000333634.8|protein_coding|1/7|c.148G>A|p.Asp50Asn|226/1251|148/720|50/239||
chr21,44908184,T,C,HIGH,splice_acceptor_variant&intron_variant,ITGB2,C|splice_acceptor_variant&intron_variant|HIGH|ITGB2|ENSG00000160255|transcript|ENST00000397846.7|protein_coding|3/3|c.148-2A>G||||||
chr21,45456392,G,A,MODERATE,missense_variant,COL18A1,A|missense_variant|MODERATE|COL18A1|ENSG00000182871|transcript|ENST00000359759.8|protein_coding|1/41|c.862G>A|p.Ala288Thr|862/6586|862/5265|288/1754||
chr21,46138559,G,C,MODERATE,missense_variant,FTCD,C|missense_variant|MODERATE|FTCD|ENSG00000160282|transcript|ENST00000397743.1|protein_coding|11/13|c.1348C>G|p.Pro450Ala|1392/1834|1348/1488|450/495||
chr21,46357148,G,A,MODERATE,missense_variant,PCNT,A|missense_variant|MODERATE|PCNT|ENSG00000160299|transcript|ENST00000359568.9|protein_coding|13/47|c.2111G>A|p.Gly704Glu|2218/10560|2111/10011|704/3336||
chr22,11068057,A,T,MODERATE,missense_variant,BAGE5,T|missense_variant|MODERATE|BAGE5|ENSG00000279973|transcript|ENST00000624155.1|protein_coding|2/2|c.88A>T|p.Arg30Trp|88/120|88/120|30/39||
chr22,11068089,A,C,HIGH,stop_lost&splice_region_variant,BAGE5,C|stop_lost&splice_region_variant|HIGH|BAGE5|ENSG00000279973|transcript|ENST00000624155.1|protein_coding|2/2|c.120A>C|p.Ter40Cysext*?|120/120|120/120|40/39||
chr22,19971950,C,T,MODERATE,missense_variant,ARVCF,T|missense_variant|MODERATE|ARVCF|ENSG00000099889|transcript|ENST00000263207.7|protein_coding|18/20|c.2717G>A|p.Arg906Gln|3009/4041|2717/2889|906/962||
chr22,22162490,TC,T,HIGH,frameshift_variant,IGLV4-60,T|frameshift_variant|HIGH|IGLV4-60|ENSG00000211639|transcript|ENST00000390284.2|IG_V_gene|2/2|c.172delC|p.Gln58fs|172/362|172/362|58/119||WARNING_TRANSCRIPT_INCOMPLETE
chr22,22215250,T,G,MODERATE,missense_variant,IGLV10-54,G|missense_variant|MODERATE|IGLV10-54|ENSG00000211642|transcript|ENST00000390287.2|IG_V_gene|2/2|c.332T>G|p.Leu111Trp|345/365|332/352|111/116||WARNING_TRANSCRIPT_INCOMPLETE
chr22,22353125,G,C,MODERATE,missense_variant,IGLV5-48,C|missense_variant|MODERATE|IGLV5-48|ENSG00000211647|transcript|ENST00000390293.1|IG_V_gene|2/2|c.61G>C|p.Ala21Pro|61/369|61/318|21/105||
chr22,22353207,G,A,MODERATE,missense_variant,IGLV5-48,A|missense_variant|MODERATE|IGLV5-48|ENSG00000211647|transcript|ENST00000390293.1|IG_V_gene|2/2|c.143G>A|p.Ser48Asn|143/369|143/318|48/105||
chr22,22353209,G,C,MODERATE,missense_variant,IGLV5-48,C|missense_variant|MODERATE|IGLV5-48|ENSG00000211647|transcript|ENST00000390293.1|IG_V_gene|2/2|c.145G>C|p.Val49Leu|145/369|145/318|49/105||
chr22,22904902,T,C,MODERATE,missense_variant,IGLJ3,C|missense_variant|MODERATE|IGLJ3|ENSG00000211678|transcript|ENST00000390324.2|IG_J_gene|1/1|c.28T>C|p.Ser10Pro|53/176|28/151|10/49||WARNING_TRANSCRIPT_INCOMPLETE
chr22,26488073,G,A,MODERATE,missense_variant,SRRD,A|missense_variant|MODERATE|SRRD|ENSG00000100104|transcript|ENST00000215917.11|protein_coding|3/7|c.295G>A|p.Ala99Thr|309/4020|295/1020|99/339||
chr22,32415965,A,G,MODERATE,missense_variant,BPIFC,G|missense_variant|MODERATE|BPIFC|ENSG00000184459|transcript|ENST00000300399.7|protein_coding|14/15|c.1351T>C|p.Ser451Pro|1351/1980|1351/1524|451/507||
chr22,36191463,C,T,MODERATE,missense_variant,APOL4,T|missense_variant|MODERATE|APOL4|ENSG00000100336|transcript|ENST00000352371.5|protein_coding|5/5|c.668G>A|p.Arg223His|893/3227|668/1056|223/351||
chr22,36191656,T,C,MODERATE,missense_variant,APOL4,C|missense_variant|MODERATE|APOL4|ENSG00000100336|transcript|ENST00000352371.5|protein_coding|5/5|c.475A>G|p.Met159Val|700/3227|475/1056|159/351||
chr22,41945304,A,G,MODERATE,missense_variant,CENPM,G|missense_variant|MODERATE|CENPM|ENSG00000100162|transcript|ENST00000402420.1|protein_coding|3/5|c.214T>C|p.Ser72Pro|492/688|214/378|72/125||
chr22,42020052,A,G,MODERATE,missense_variant,WBP2NL,G|missense_variant|MODERATE|WBP2NL|ENSG00000183066|transcript|ENST00000328823.13|protein_coding|4/6|c.362A>G|p.Asp121Gly|393/2255|362/930|121/309||
chr22,43928847,C,G,MODERATE,missense_variant,PNPLA3,G|missense_variant|MODERATE|PNPLA3|ENSG00000100344|transcript|ENST00000216180.7|protein_coding|3/9|c.444C>G|p.Ile148Met|617/2805|444/1446|148/481||
chr22,46915508,A,T,MODERATE,missense_variant,U51561.1,T|missense_variant|MODERATE|U51561.1|ENSG00000280080|transcript|ENST00000625149.1|protein_coding|1/1|c.371T>A|p.Leu124Gln|401/581|371/534|124/177||
chrX,66605144,C,T,MODERATE,missense_variant,EDA2R,T|missense_variant|MODERATE|EDA2R|ENSG00000131080|transcript|ENST00000253392.5|protein_coding|2/6|c.170G>A|p.Arg57Lys|170/957|170/957|57/318||
chrX,89922674,G,A,MODERATE,missense_variant,TGIF2LX,A|missense_variant|MODERATE|TGIF2LX|ENSG00000153779|transcript|ENST00000283891.5|protein_coding|2/2|c.589G>A|p.Val197Ile|697/906|589/726|197/241||
chrX,141003560,C,G,MODERATE,missense_variant,SPANXB1,G|missense_variant|MODERATE|SPANXB1|ENSG00000227234|transcript|ENST00000449283.1|protein_coding|2/2|c.220C>G|p.Leu74Val|323/469|220/312|74/103||
